profile_id,feature_mode,parameter,truth_id,normalized_coordinate,truth_coordinate,is_truth,physical_value,total_loss,ode_success,tafel_failed,runtime_seconds,dc,common_harmonics,dataset_specific_harmonics,phase,lockin_common_amplitude,lockin_dataset_specific_amplitude,lockin_common_phase,lockin_dataset_specific_phase,physical
complex_snr__G_O,complex_snr,G_O,mixed_b,0.0,0.4000000000000001,False,2.2,77.56458152897095,True,True,6.467517498000234,270.5211562966281,17.214670209684407,0.0,0.08708113854228572,0.0,0.0,0.0,0.0,100.0
complex_snr__G_O,complex_snr,G_O,mixed_b,0.025,0.4000000000000001,False,2.23,76.80566631887524,True,True,6.295632821995241,266.72845620956696,17.21373768812459,0.0,0.08613769668466319,0.0,0.0,0.0,0.0,100.0
complex_snr__G_O,complex_snr,G_O,mixed_b,0.05,0.4000000000000001,False,2.2600000000000002,75.2343372296332,True,True,6.329983757997979,258.87435150422255,17.21185353349993,0.0,0.08548111044345752,0.0,0.0,0.0,0.0,100.0
complex_snr__G_O,complex_snr,G_O,mixed_b,0.07500000000000001,0.4000000000000001,False,2.29,1000000000.0,False,False,6.055508710996946,0.0,0.0,0.0,0.0,0.0,0.0,0.0,0.0,1000000000.0
complex_snr__G_O,complex_snr,G_O,mixed_b,0.1,0.4000000000000001,False,2.3200000000000003,67.52274956512183,True,True,6.711944458002108,220.32758181853785,17.20250709852004,0.0,0.08365890855127275,0.0,0.0,0.0,0.0,100.0
complex_snr__G_O,complex_snr,G_O,mixed_b,0.125,0.4000000000000001,False,2.35,60.105423890980134,True,True,6.677965220995247,183.2534011833252,17.19152204335936,0.0,0.08219622821615476,0.0,0.0,0.0,0.0,100.0
complex_snr__G_O,complex_snr,G_O,mixed_b,0.15000000000000002,0.4000000000000001,False,2.3800000000000003,49.99402711599373,True,True,6.6196978539956035,132.7191340127036,17.17125213702201,0.0,0.07974943024304282,0.0,0.0,0.0,0.0,100.0
complex_snr__G_O,complex_snr,G_O,mixed_b,0.17500000000000002,0.4000000000000001,False,2.41,40.722882535493966,True,True,6.457322305999696,86.40637921661079,17.132416029133125,0.0,0.07561743172591634,0.0,0.0,0.0,0.0,100.0
complex_snr__G_O,complex_snr,G_O,mixed_b,0.2,0.4000000000000001,False,2.44,30.60445393426236,True,True,6.906491638001171,35.89951846118027,17.053946802237697,0.0,0.06880440789381181,0.0,0.0,0.0,0.0,100.0
complex_snr__G_O,complex_snr,G_O,mixed_b,0.225,0.4000000000000001,False,2.47,26.96795790437725,True,True,7.169311352998193,17.89358248360444,16.888054424358263,0.0,0.05815261392353391,0.0,0.0,0.0,0.0,100.0
complex_snr__G_O,complex_snr,G_O,mixed_b,0.25,0.4000000000000001,False,2.5,25.60748828852354,True,True,7.044754531998478,11.471958566254076,16.522276144217276,0.0,0.04320673214635234,0.0,0.0,0.0,0.0,100.0
complex_snr__G_O,complex_snr,G_O,mixed_b,0.275,0.4000000000000001,False,2.5300000000000002,24.832349851307946,True,True,7.907323996994819,8.41346758738139,15.7221129612574,0.0,0.026168707900947046,0.0,0.0,0.0,0.0,100.0
complex_snr__G_O,complex_snr,G_O,mixed_b,0.30000000000000004,0.4000000000000001,False,2.56,4.052411934262458,True,False,8.01859661799972,6.14225474370706,14.107696232556572,0.0,0.012108249860092056,0.0,0.0,0.0,0.0,4.4518856392212475e-07
complex_snr__G_O,complex_snr,G_O,mixed_b,0.325,0.4000000000000001,False,2.59,3.056846264976249,True,False,8.513470174999384,3.9900306261324068,11.290006735689996,0.0,0.0041936296118603835,0.0,0.0,0.0,0.0,3.334469812665155e-07
complex_snr__G_O,complex_snr,G_O,mixed_b,0.35000000000000003,0.4000000000000001,False,2.62,1.8427777528221128,True,False,8.682750982996367,2.0183086159585435,7.194530496847509,0.0,0.0010495570780852475,0.0,0.0,0.0,0.0,9.422642543841633e-08
complex_snr__G_O,complex_snr,G_O,mixed_b,0.375,0.4000000000000001,False,2.65,0.6290225895184645,True,False,9.037768592999782,0.5604840239106994,2.5844851821994963,0.0,0.00014373787543828082,0.0,0.0,0.0,0.0,3.6066883927496705e-09
complex_snr__G_O,complex_snr,G_O,mixed_b,0.4000000000000001,0.4000000000000001,True,2.68,0.0,True,False,9.51256090500101,0.0,0.0,0.0,0.0,0.0,0.0,0.0,0.0,0.0
complex_snr__G_O,complex_snr,G_O,mixed_b,0.42500000000000004,0.4000000000000001,False,2.71,1.1784668932423945,True,False,9.915877052000724,0.6428137325387455,5.249472461510167,0.0,4.819488036543668e-05,0.0,0.0,0.0,0.0,7.72826942438027e-08
complex_snr__G_O,complex_snr,G_O,mixed_b,0.45,0.4000000000000001,False,2.74,6.411799143129109,True,False,10.547593212999345,2.6676431414681443,29.391204892853025,0.0,0.00014106896789709488,0.0,0.0,0.0,0.0,6.612356471174531e-06
complex_snr__G_O,complex_snr,G_O,mixed_b,0.47500000000000003,0.4000000000000001,False,2.77,19.426424612022114,True,False,10.80446818099881,6.119253388237174,91.01250102728744,0.0,0.00031041318044752357,0.0,0.0,0.0,0.0,5.823140551853028e-05
complex_snr__G_O,complex_snr,G_O,mixed_b,0.5,0.4000000000000001,False,2.8,45.730523411226194,True,False,11.289752740005497,10.910816194753707,217.7409761298556,0.0,0.0006662387437880039,0.0,0.0,0.0,0.0,0.00015849277790418162
complex_snr__G_O,complex_snr,G_O,mixed_b,0.525,0.4000000000000001,False,2.83,91.66152382187536,True,False,11.47247501599486,16.78043430792198,441.52199800206967,0.0,0.001348967329356391,0.0,0.0,0.0,0.0,0.0038378320557231416
complex_snr__G_O,complex_snr,G_O,mixed_b,0.55,0.4000000000000001,False,2.8600000000000003,158.33952314753,True,False,11.533071949997975,23.063589190850387,768.5499132031531,0.0,0.0025177480030029306,0.0,0.0,0.0,0.0,0.08159559564358149
complex_snr__G_O,complex_snr,G_O,mixed_b,0.5750000000000001,0.4000000000000001,False,2.89,224.97263877216557,True,False,11.475240280000435,28.169464443290458,1096.2705327594492,0.0,0.00427690780595269,0.0,0.0,0.0,0.0,0.4189197502821983
complex_snr__G_O,complex_snr,G_O,mixed_b,0.6000000000000001,0.4000000000000001,False,2.92,243.19978429619368,True,False,12.119306741005857,29.607994431796698,1185.8219980801703,0.0,0.006290783964211019,0.0,0.0,0.0,0.0,0.5626381850371945
complex_snr__G_O,complex_snr,G_O,mixed_b,0.625,0.4000000000000001,False,2.95,196.3902268305893,True,False,12.120510788001411,26.444580622677407,955.1629926112429,0.0,0.007808159933961002,0.0,0.0,0.0,0.0,0.3357527590923544
complex_snr__G_O,complex_snr,G_O,mixed_b,0.65,0.4000000000000001,False,2.98,127.44791303298514,True,False,12.547593586001312,20.647312490342735,616.3025387993965,0.0,0.008991295111796645,0.0,0.0,0.0,0.0,0.2807225800746433
complex_snr__G_O,complex_snr,G_O,mixed_b,0.675,0.4000000000000001,False,3.01,72.16031875528816,True,False,12.478432926996902,14.436198373658762,346.33736893266894,0.0,0.01116072898047909,0.0,0.0,0.0,0.0,0.01686574113259297
complex_snr__G_O,complex_snr,G_O,mixed_b,0.7000000000000001,0.4000000000000001,False,3.04,37.65411317440165,True,False,12.394948124994698,8.948113993731372,179.3016280746489,0.0,0.015964288611850175,0.0,0.0,0.0,0.0,0.004859515016130993
complex_snr__G_O,complex_snr,G_O,mixed_b,0.7250000000000001,0.4000000000000001,False,3.0700000000000003,18.838308451604664,True,False,12.210418831004063,4.652552913543687,89.5132459330829,0.0,0.025505654622874893,0.0,0.0,0.0,0.0,0.00023775677385933842
complex_snr__G_O,complex_snr,G_O,mixed_b,0.75,0.4000000000000001,False,3.1,9.506129762123008,True,False,12.412642741001036,1.7402183605385106,45.74496453483816,0.0,0.04241281062261792,0.0,0.0,0.0,0.0,0.0030531046157537653
complex_snr__G_O,complex_snr,G_O,mixed_b,0.775,0.4000000000000001,False,3.13,5.235538021215284,True,False,12.572113162997994,0.2508225914998572,25.856442267214938,0.0,0.06829315531187104,0.0,0.0,0.0,0.0,0.002132092049752926
complex_snr__G_O,complex_snr,G_O,mixed_b,0.8,0.4000000000000001,False,3.16,3.4643970299799194,True,False,12.73101131200383,0.08976724223519149,17.13148043466432,0.0,0.10067898750916181,0.0,0.0,0.0,0.0,5.848549092421349e-05
complex_snr__G_O,complex_snr,G_O,mixed_b,0.8250000000000001,0.4000000000000001,False,3.19,2.890673379561081,True,False,12.133514566994563,1.0236213209987193,13.29697119384571,0.0,0.13277436449635283,0.0,0.0,0.0,0.0,1.846462138372853e-08
complex_snr__G_O,complex_snr,G_O,mixed_b,0.8500000000000001,0.4000000000000001,False,3.2199999999999998,2.885545308795071,True,False,12.664472960001149,2.696510186014731,11.572494094469192,0.0,0.15872223679192232,0.0,0.0,0.0,0.0,2.669950849743056e-08
complex_snr__G_O,complex_snr,G_O,mixed_b,0.875,0.4000000000000001,False,3.25,3.1288695791845402,True,False,12.57741126500332,4.69397106802934,10.773405715600143,0.0,0.17697106829876888,0.0,0.0,0.0,0.0,4.399444861205754e-08
complex_snr__G_O,complex_snr,G_O,mixed_b,0.9,0.4000000000000001,False,3.2800000000000002,3.4475412091312228,True,False,12.565129006994539,6.658618640679755,10.39033703237377,0.0,0.18875017405005567,0.0,0.0,0.0,0.0,1.985525305373881e-07
complex_snr__G_O,complex_snr,G_O,mixed_b,0.925,0.4000000000000001,False,3.31,23.768444571366512,True,True,12.405481057001452,8.446519730353783,10.19974480730867,0.0,0.1959583191701109,0.0,0.0,0.0,0.0,100.0
complex_snr__G_O,complex_snr,G_O,mixed_b,0.9500000000000001,0.4000000000000001,False,3.34,24.126312879281254,True,True,12.573531693000405,10.329987163966896,10.101356780341636,0.0,0.20022045209774458,0.0,0.0,0.0,0.0,100.0
complex_snr__G_O,complex_snr,G_O,mixed_b,0.9750000000000001,0.4000000000000001,False,3.37,24.752329968090443,True,True,12.442155348995584,13.5096977951363,10.049268974300631,0.0,0.2026830710152937,0.0,0.0,0.0,0.0,100.0
complex_snr__G_O,complex_snr,G_O,mixed_b,1.0,0.4000000000000001,False,3.4,26.40105963521728,True,True,12.7986433699989,21.780038837202692,10.021173383124186,0.0,0.2040859557595332,0.0,0.0,0.0,0.0,100.0
complex_snr__G_OH,complex_snr,G_OH,mixed_b,0.0,0.5999999999999999,False,0.8,4.399360746388217,True,False,7.553483973999391,6.55336149109006,15.420946550730994,0.0,0.02249553713428901,0.0,0.0,0.0,0.0,1.529857415500456e-07
complex_snr__G_OH,complex_snr,G_OH,mixed_b,0.025,0.5999999999999999,False,0.8250000000000001,3.7712781954101713,True,False,7.761515140002302,4.990993778177472,13.853804367461738,0.0,0.011592787390011433,0.0,0.0,0.0,0.0,4.402163504035953e-08
complex_snr__G_OH,complex_snr,G_OH,mixed_b,0.05,0.5999999999999999,False,0.8500000000000001,2.94610271257058,True,False,8.053582034997817,3.33050785025615,11.394503719156889,0.0,0.005501410793231928,0.0,0.0,0.0,0.0,5.826466312559793e-07
complex_snr__G_OH,complex_snr,G_OH,mixed_b,0.07500000000000001,0.5999999999999999,False,0.875,1.9637015338798054,True,False,8.208781164998072,1.7864816271522967,8.029024496751564,0.0,0.0029992313819100554,0.0,0.0,0.0,0.0,2.314113256807852e-06
complex_snr__G_OH,complex_snr,G_OH,mixed_b,0.1,0.5999999999999999,False,0.9,0.9491020189259203,True,False,8.439722136005003,0.6069216779326925,4.136131761270518,0.0,0.0024479437870616677,0.0,0.0,0.0,0.0,8.711639329104404e-06
complex_snr__G_OH,complex_snr,G_OH,mixed_b,0.125,0.5999999999999999,False,0.925,0.16946310494857172,True,False,8.783674989994324,0.029861489487984456,0.8146283373488167,0.0,0.002805169810162517,0.0,0.0,0.0,0.0,2.0528095894961674e-05
complex_snr__G_OH,complex_snr,G_OH,mixed_b,0.15000000000000002,0.5999999999999999,False,0.9500000000000001,0.13695533941179708,True,False,8.83087728600367,0.24844445683262117,0.43275004730709166,0.0,0.0035286705040132966,0.0,0.0,0.0,0.0,5.3522415259206877e-05
complex_snr__G_OH,complex_snr,G_OH,mixed_b,0.17500000000000002,0.5999999999999999,False,0.9750000000000001,1.765996888114822,True,False,9.415863069996703,1.3916829778403443,7.433803264197073,0.0,0.0043381324180737715,0.0,0.0,0.0,0.0,0.00016006611861903118
complex_snr__G_OH,complex_snr,G_OH,mixed_b,0.2,0.5999999999999999,False,1.0,6.582847558694093,True,False,9.599642039000173,3.520992382200742,29.387529467397624,0.0,0.005093253166963894,0.0,0.0,0.0,0.0,0.0006226907051329979
complex_snr__G_OH,complex_snr,G_OH,mixed_b,0.225,0.5999999999999999,False,1.0250000000000001,16.95232514067893,True,False,9.705670710005506,6.6324706822162,78.12073516985257,0.0,0.00574721643214586,0.0,0.0,0.0,0.0,0.0026726348937346337
complex_snr__G_OH,complex_snr,G_OH,mixed_b,0.25,0.5999999999999999,False,1.05,36.19468752101996,True,False,10.049744012998417,10.657024326381654,170.29724331522752,0.0,0.0063199904999145014,0.0,0.0,0.0,0.0,0.012849972990720033
complex_snr__G_OH,complex_snr,G_OH,mixed_b,0.275,0.5999999999999999,False,1.0750000000000002,68.18181354053065,True,False,10.564403323995066,15.43751060378002,325.40474339153644,0.0,0.006873309123247978,0.0,0.0,0.0,0.0,0.05994039821351994
complex_snr__G_OH,complex_snr,G_OH,mixed_b,0.30000000000000004,0.5999999999999999,False,1.1,115.32532607780358,True,False,10.590232076996472,20.64448647125689,555.7709456224651,0.0,0.00745175812088156,0.0,0.0,0.0,0.0,0.20374653717512345
complex_snr__G_OH,complex_snr,G_OH,mixed_b,0.325,0.5999999999999999,False,1.125,173.1438626078937,True,False,10.684856526000658,25.58684062787009,839.6895553373129,0.0,0.007980094944603854,0.0,0.0,0.0,0.0,0.43493697934100833
complex_snr__G_OH,complex_snr,G_OH,mixed_b,0.35000000000000003,0.5999999999999999,False,1.1500000000000001,222.53223938396923,True,False,10.583094166999217,29.0072240949904,1083.0155203093698,0.0,0.008251403954960186,0.0,0.0,0.0,0.0,0.630201111531007
complex_snr__G_OH,complex_snr,G_OH,mixed_b,0.375,0.5999999999999999,False,1.175,234.251096226166,True,False,10.512567467005283,29.482776769495786,1141.1258526526822,0.0,0.008129722316757952,0.0,0.0,0.0,0.0,0.6387219863353557
complex_snr__G_OH,complex_snr,G_OH,mixed_b,0.4,0.5999999999999999,False,1.2000000000000002,199.53783794221994,True,False,10.6670724420037,26.748284000525487,970.5535764992105,0.0,0.007565412193239019,0.0,0.0,0.0,0.0,0.37976379917039804
complex_snr__G_OH,complex_snr,G_OH,mixed_b,0.42500000000000004,0.5999999999999999,False,1.225,142.53302449314305,True,False,11.238483061002626,22.03908792278587,690.5188781967936,0.0,0.00638489895460394,0.0,0.0,0.0,0.0,0.10077144718117013
complex_snr__G_OH,complex_snr,G_OH,mixed_b,0.45,0.5999999999999999,False,1.25,89.51591431056448,True,False,11.253754844001378,16.780233339628893,430.7891730648641,0.0,0.004588532456611708,0.0,0.0,0.0,0.0,0.005576615872802328
complex_snr__G_OH,complex_snr,G_OH,mixed_b,0.47500000000000003,0.5999999999999999,False,1.2750000000000001,50.76723457257474,True,False,11.200896771995758,11.825589305412858,242.00790275989394,0.0,0.002664429330271801,0.0,0.0,0.0,0.0,1.636823666188072e-05
complex_snr__G_OH,complex_snr,G_OH,mixed_b,0.5,0.5999999999999999,False,1.3,25.955774535057667,True,False,10.990903096004331,7.576010988229866,122.20164393666691,0.0,0.0011763623929973304,0.0,0.0,0.0,0.0,4.138799853681756e-05
complex_snr__G_OH,complex_snr,G_OH,mixed_b,0.525,0.5999999999999999,False,1.3250000000000002,11.544415510639679,True,False,10.752038664999418,4.2175141501014215,53.50418219927754,0.0,0.00036352500242035565,0.0,0.0,0.0,0.0,1.7678817015004576e-05
complex_snr__G_OH,complex_snr,G_OH,mixed_b,0.55,0.5999999999999999,False,1.35,4.034548557555581,True,False,10.076430159002484,1.8336802226931939,18.338978400938288,0.0,7.971288427049167e-05,0.0,0.0,0.0,0.0,4.4512621532448225e-06
complex_snr__G_OH,complex_snr,G_OH,mixed_b,0.5750000000000001,0.5999999999999999,False,1.375,0.7887683592183554,True,False,9.529729613997915,0.4427920740134616,3.501030485921667,0.0,1.8707815085336206e-05,0.0,0.0,0.0,0.0,5.283415627458344e-07
complex_snr__G_OH,complex_snr,G_OH,mixed_b,0.5999999999999999,0.5999999999999999,True,1.4,0.0,True,False,9.748118766001426,0.0,0.0,0.0,0.0,0.0,0.0,0.0,0.0,0.0
complex_snr__G_OH,complex_snr,G_OH,mixed_b,0.625,0.5999999999999999,False,1.425,0.47170152978037405,True,False,8.995403448003344,0.3947682876335571,1.9636658408986394,0.0,7.349943709334381e-05,0.0,0.0,0.0,0.0,2.093258061420328e-08
complex_snr__G_OH,complex_snr,G_OH,mixed_b,0.65,0.5999999999999999,False,1.4500000000000002,1.4483065443251433,True,False,8.859207118002814,1.4526146008979826,5.78836221977962,0.0,0.0005556023071432566,0.0,0.0,0.0,0.0,2.9864097046673406e-07
complex_snr__G_OH,complex_snr,G_OH,mixed_b,0.675,0.5999999999999999,False,1.475,2.5034483605971904,True,False,8.720528930003638,2.9538612645822955,9.561146458070539,0.0,0.002233908471426805,0.0,0.0,0.0,0.0,1.7186169187120803e-07
complex_snr__G_OH,complex_snr,G_OH,mixed_b,0.7000000000000001,0.5999999999999999,False,1.5,3.4343131477094127,True,False,8.26763717400172,4.67369154855999,12.491259475943352,0.0,0.006614712410506078,0.0,0.0,0.0,0.0,1.6332161784954416e-09
complex_snr__G_OH,complex_snr,G_OH,mixed_b,0.7250000000000001,0.5999999999999999,False,1.5250000000000001,4.176747106762658,True,False,8.501609612998436,6.446175557272077,14.422142786366475,0.0,0.015417164459829436,0.0,0.0,0.0,0.0,2.5714907020902863e-08
complex_snr__G_OH,complex_snr,G_OH,mixed_b,0.75,0.5999999999999999,False,1.55,24.761772198953103,True,True,7.89584564800316,8.267664763605827,15.512461094620386,0.0,0.02873513653930171,0.0,0.0,0.0,0.0,100.0
complex_snr__G_OH,complex_snr,G_OH,mixed_b,0.775,0.5999999999999999,False,1.5750000000000002,25.304984225533822,True,True,7.85456489000353,10.450851287505504,16.029628304089094,0.0,0.04444153607451997,0.0,0.0,0.0,0.0,100.0
complex_snr__G_OH,complex_snr,G_OH,mixed_b,0.8,0.5999999999999999,False,1.6,26.05028873009535,True,True,7.744003508996684,13.984645796937844,16.20648885762541,0.0,0.06030899591348448,0.0,0.0,0.0,0.0,100.0
complex_snr__G_OH,complex_snr,G_OH,mixed_b,0.8250000000000001,0.5999999999999999,False,1.625,27.531119245567833,True,True,7.625244684000791,21.392919620098986,16.188193995099116,0.0,0.07448261264104543,0.0,0.0,0.0,0.0,100.0
complex_snr__G_OH,complex_snr,G_OH,mixed_b,0.8500000000000001,0.5999999999999999,False,1.6500000000000001,1000000000.0,False,False,0.028981055998883676,0.0,0.0,0.0,0.0,0.0,0.0,0.0,0.0,1000000000.0
complex_snr__G_OH,complex_snr,G_OH,mixed_b,0.875,0.5999999999999999,False,1.675,39.605119907642255,True,True,7.411868038005196,82.10625755255879,15.82640544940695,0.0,0.09293653624554168,0.0,0.0,0.0,0.0,100.0
complex_snr__G_OH,complex_snr,G_OH,mixed_b,0.9,0.5999999999999999,False,1.7000000000000002,1000000000.0,False,False,0.031225350001477636,0.0,0.0,0.0,0.0,0.0,0.0,0.0,0.0,1000000000.0
complex_snr__G_OH,complex_snr,G_OH,mixed_b,0.925,0.5999999999999999,False,1.725,57.97343849282829,True,True,7.339481656003045,174.6083167997072,15.1580861528476,0.0,0.10078951158660714,0.0,0.0,0.0,0.0,100.0
complex_snr__G_OH,complex_snr,G_OH,mixed_b,0.9500000000000001,0.5999999999999999,False,1.75,66.48452614352796,True,True,7.728838918999827,217.60810228868473,14.71176752961639,0.0,0.1027608993386233,0.0,0.0,0.0,0.0,100.0
complex_snr__G_OH,complex_snr,G_OH,mixed_b,0.9750000000000001,0.5999999999999999,False,1.7750000000000001,73.56925557996777,True,True,7.682774311993853,253.55874753155507,14.183432012659228,0.0,0.10409835562457276,0.0,0.0,0.0,0.0,100.0
complex_snr__G_OH,complex_snr,G_OH,mixed_b,1.0,0.5999999999999999,False,1.8,1000000000.0,False,False,0.029309423996892292,0.0,0.0,0.0,0.0,0.0,0.0,0.0,0.0,1000000000.0
complex_snr__k0_1,complex_snr,k0_1,mixed_b,0.0,0.7,False,0.001,0.02587516734224148,True,False,10.006949053000426,0.11225526065987437,8.498480882465216e-05,0.0,0.017003698553625525,0.0,0.0,0.0,0.0,3.189268888283621e-05
complex_snr__k0_1,complex_snr,k0_1,mixed_b,0.025,0.7,False,0.001584893192461114,0.016898355075407562,True,False,10.011347546998877,0.05292274320582427,0.020057771911371352,0.0,0.011500463896275724,0.0,0.0,0.0,0.0,1.0796363566460267e-05
complex_snr__k0_1,complex_snr,k0_1,mixed_b,0.05,0.7,False,0.0025118864315095794,0.022362813141749947,True,False,9.881807737998315,0.02632447966281802,0.07780950257723135,0.0,0.007672509394639468,0.0,0.0,0.0,0.0,7.574074060890367e-06
complex_snr__k0_1,complex_snr,k0_1,mixed_b,0.07500000000000001,0.7,False,0.003981071705534973,0.036209860475793956,True,False,9.70885385099973,0.015000854225734408,0.16107049369750723,0.0,0.004973243300883165,0.0,0.0,0.0,0.0,4.711154844995159e-06
complex_snr__k0_1,complex_snr,k0_1,mixed_b,0.1,0.7,False,0.00630957344480193,0.05239667199327356,True,False,9.658187298002304,0.010337548472776265,0.24857541311065906,0.0,0.003068687381269681,0.0,0.0,0.0,0.0,1.711001662757443e-06
complex_snr__k0_1,complex_snr,k0_1,mixed_b,0.125,0.7,False,0.01,0.06644299792962248,True,False,9.541083274001721,0.00850539458725541,0.3219436239126229,0.0,0.0017653607000528157,0.0,0.0,0.0,0.0,6.104481812744298e-07
complex_snr__k0_1,complex_snr,k0_1,mixed_b,0.15000000000000002,0.7,False,0.01584893192461114,0.07616444894734296,True,False,9.537863203993766,0.007851129038029103,0.3720411288896121,0.0,0.0009298709849088469,0.0,0.0,0.0,0.0,1.1582416480042005e-07
complex_snr__k0_1,complex_snr,k0_1,mixed_b,0.17500000000000002,0.7,False,0.025118864315095808,0.081164539984003,True,False,9.182565684997826,0.007689785035076318,0.3976889267907841,0.0,0.0004439817482218098,0.0,0.0,0.0,0.0,6.345932768368042e-09
complex_snr__k0_1,complex_snr,k0_1,mixed_b,0.2,0.7,False,0.039810717055349734,0.08180038509771159,True,False,8.890248599003826,0.007703363287322306,0.40110345874339903,0.0,0.00019509015124989225,0.0,0.0,0.0,0.0,1.3306586732634989e-08
complex_snr__k0_1,complex_snr,k0_1,mixed_b,0.225,0.7,False,0.06309573444801933,0.07844442783949132,True,False,8.914039565999701,0.007701907294489689,0.3844310303465565,0.0,8.91800756110895e-05,0.0,0.0,0.0,0.0,2.148079931054947e-08
complex_snr__k0_1,complex_snr,k0_1,mixed_b,0.25,0.7,False,0.1,0.07129429537542743,True,False,8.592194790006033,0.0075503641472770295,0.34885636253644675,0.0,6.474970365388947e-05,0.0,0.0,0.0,0.0,4.897594308996064e-10
complex_snr__k0_1,complex_snr,k0_1,mixed_b,0.275,0.7,False,0.15848931924611143,0.06066966474595288,True,False,8.533864493998408,0.007144830305799799,0.2961088393796255,0.0,9.465336221798586e-05,0.0,0.0,0.0,0.0,6.821211048710031e-10
complex_snr__k0_1,complex_snr,k0_1,mixed_b,0.30000000000000004,0.7,False,0.25118864315095824,0.04768881236558485,True,False,8.470680554004502,0.006475402270128557,0.23179619887660793,0.0,0.00017231209292781116,0.0,0.0,0.0,0.0,1.4858825998127615e-07
complex_snr__k0_1,complex_snr,k0_1,mixed_b,0.325,0.7,False,0.3981071705534973,0.034443939710815503,True,False,8.819557770999381,0.00563361202202331,0.1663013535239118,0.0,0.00028465515508557603,0.0,0.0,0.0,0.0,7.785305683662925e-08
complex_snr__k0_1,complex_snr,k0_1,mixed_b,0.35000000000000003,0.7,False,0.6309573444801936,0.023090762200234597,True,False,8.464555085003667,0.00470771605289824,0.11035362806280699,0.0,0.0003924663349394032,0.0,0.0,0.0,0.0,5.50528340409873e-10
complex_snr__k0_1,complex_snr,k0_1,mixed_b,0.375,0.7,False,1.0,0.014745104472292419,True,False,8.545874338997237,0.0037360522184111495,0.06954113670780664,0.0,0.000448292590823286,0.0,0.0,0.0,0.0,4.084442103108445e-08
complex_snr__k0_1,complex_snr,k0_1,mixed_b,0.4,0.7,False,1.584893192461114,0.00931328653893116,True,False,8.23961244399834,0.0027655087435681487,0.04336761199539399,0.0,0.00043329704753447757,0.0,0.0,0.0,0.0,1.4908159183519046e-08
complex_snr__k0_1,complex_snr,k0_1,mixed_b,0.42500000000000004,0.7,False,2.5118864315095824,1000000000.0,False,False,0.027984287997242063,0.0,0.0,0.0,0.0,0.0,0.0,0.0,0.0,1000000000.0
complex_snr__k0_1,complex_snr,k0_1,mixed_b,0.45,0.7,False,3.981071705534973,0.0041351235577426915,True,False,8.552983916000812,0.001138040810604955,0.019272118909527795,0.0,0.0002652752275103254,0.0,0.0,0.0,0.0,1.8284107038619152e-07
complex_snr__k0_1,complex_snr,k0_1,mixed_b,0.47500000000000003,0.7,False,6.309573444801936,0.0028959903640979143,True,False,8.680440023999836,0.0006110542612051082,0.013698710522161475,0.0,0.00016991929022478665,0.0,0.0,0.0,0.0,2.677468982023636e-07
complex_snr__k0_1,complex_snr,k0_1,mixed_b,0.5,0.7,False,10.0,0.001972601014443407,True,False,8.848795917001553,0.00028825352641739305,0.009479907704664892,0.0,9.479086185779695e-05,0.0,0.0,0.0,0.0,5.2979276953376474e-08
complex_snr__k0_1,complex_snr,k0_1,mixed_b,0.525,0.7,False,15.848931924611142,0.0012392418904173343,True,False,8.84734665099677,0.0001211943929248384,0.00602895598510117,0.0,4.6034318359007715e-05,0.0,0.0,0.0,0.0,2.4755701656339315e-08
complex_snr__k0_1,complex_snr,k0_1,mixed_b,0.55,0.7,False,25.11886431509582,0.0006951186714607845,True,False,9.170157966997067,4.693959246190987e-05,0.0034089941775308076,0.0,1.9621796930292117e-05,0.0,0.0,0.0,0.0,3.779038091323973e-08
complex_snr__k0_1,complex_snr,k0_1,mixed_b,0.5750000000000001,0.7,False,39.81071705534978,0.00034232814958597217,True,False,8.895336390000011,1.7651085073057476e-05,0.0016865132401682006,0.0,7.4598315372358196e-06,0.0,0.0,0.0,0.0,1.6591151366866647e-08
complex_snr__k0_1,complex_snr,k0_1,mixed_b,0.6000000000000001,0.7,False,63.09573444801943,0.00014644273347434066,True,False,9.109060453003622,7.2800255945030716e-06,0.0007223672677889594,0.0,2.5542228544067505e-06,0.0,0.0,0.0,0.0,1.2151133833958861e-08
complex_snr__k0_1,complex_snr,k0_1,mixed_b,0.625,0.7,False,100.0,5.301606969762739e-05,True,False,9.458648797000933,3.5854851019537988e-06,0.00026063937998380794,0.0,7.81987651000068e-07,0.0,0.0,0.0,0.0,7.349575137513166e-08
complex_snr__k0_1,complex_snr,k0_1,mixed_b,0.65,0.7,False,158.48931924611142,1.4985235407405256e-05,True,False,9.613408903998788,1.4632097528965238e-06,7.32586515124493e-05,0.0,1.9472199203033962e-07,0.0,0.0,0.0,0.0,9.593779650109585e-09
complex_snr__k0_1,complex_snr,k0_1,mixed_b,0.675,0.7,False,251.18864315095823,2.3790133146035226e-06,True,False,9.111271518006106,3.096131808262288e-07,1.1502891020763901e-05,0.0,2.817826822878949e-08,0.0,0.0,0.0,0.0,5.438410319869516e-08
complex_snr__k0_1,complex_snr,k0_1,mixed_b,0.7,0.7,True,398.1071705534969,0.0,True,False,9.445306626003003,0.0,0.0,0.0,0.0,0.0,0.0,0.0,0.0,0.0
complex_snr__k0_1,complex_snr,k0_1,mixed_b,0.7250000000000001,0.7,False,630.9573444801943,1.0430929615241084e-06,True,False,9.629831605998334,1.804136346476907e-07,4.940452375780657e-06,0.0,1.0400133300415041e-08,0.0,0.0,0.0,0.0,8.419866389177965e-08
complex_snr__k0_1,complex_snr,k0_1,mixed_b,0.75,0.7,False,1000.0,2.7471604874596205e-06,True,False,9.541608102997998,4.414890507278449e-07,1.3249273735911632e-05,0.0,2.7432690789254777e-08,0.0,0.0,0.0,0.0,1.7606959869370222e-08
complex_snr__k0_1,complex_snr,k0_1,mixed_b,0.775,0.7,False,1584.893192461114,4.290953752044125e-06,True,False,9.860098416000255,6.898362281424293e-07,2.0717978741093104e-05,0.0,4.311333129159905e-08,0.0,0.0,0.0,0.0,3.840459693495006e-09
complex_snr__k0_1,complex_snr,k0_1,mixed_b,0.8,0.7,False,2511.886431509582,5.399007448464931e-06,True,False,9.857997995000915,8.604353960874032e-07,2.602297727786321e-05,0.0,5.510899383306443e-08,0.0,0.0,0.0,0.0,5.651557454097306e-08
complex_snr__k0_1,complex_snr,k0_1,mixed_b,0.8250000000000001,0.7,False,3981.0717055349774,6.267603623997171e-06,True,False,10.018939624998893,9.72147492585566e-07,3.018448532747253e-05,0.0,6.372719157111086e-08,0.0,0.0,0.0,0.0,1.1765810835664968e-07
complex_snr__k0_1,complex_snr,k0_1,mixed_b,0.8500000000000001,0.7,False,6309.573444801943,6.762743140785287e-06,True,False,10.027198975003557,1.0500301667575298e-06,3.265498083672406e-05,0.0,6.770181761902873e-08,0.0,0.0,0.0,0.0,4.100288282581414e-08
complex_snr__k0_1,complex_snr,k0_1,mixed_b,0.875,0.7,False,10000.0,7.0965150203025005e-06,True,False,10.534299227001611,1.1077492102235106e-06,3.4266280515511136e-05,0.0,7.108789561282323e-08,0.0,0.0,0.0,0.0,3.745748016503172e-08
complex_snr__k0_1,complex_snr,k0_1,mixed_b,0.9,0.7,False,15848.93192461114,7.316956378727616e-06,True,False,10.316440798000258,1.1372241367894408e-06,3.527085862346533e-05,0.0,7.390647305716947e-08,0.0,0.0,0.0,0.0,1.0279266032613754e-07
complex_snr__k0_1,complex_snr,k0_1,mixed_b,0.925,0.7,False,25118.864315095823,7.479599050297414e-06,True,False,10.24155558700295,1.1605192552829692e-06,3.6160946525269065e-05,0.0,7.59096060993772e-08,0.0,0.0,0.0,0.0,6.198648356526171e-10
complex_snr__k0_1,complex_snr,k0_1,mixed_b,0.9500000000000001,0.7,False,39810.71705534977,7.555337879788211e-06,True,False,10.36963749500137,1.1929950762160023e-06,3.650544892827144e-05,0.0,7.709749554720392e-08,0.0,0.0,0.0,0.0,1.1478989064098749e-09
complex_snr__k0_1,complex_snr,k0_1,mixed_b,0.9750000000000001,0.7,False,63095.73444801943,1000000000.0,False,False,0.038421859993832186,0.0,0.0,0.0,0.0,0.0,0.0,0.0,0.0,1000000000.0
complex_snr__k0_1,complex_snr,k0_1,mixed_b,1.0,0.7,False,100000.0,7.652529562450081e-06,True,False,10.310352057000273,1.2265350844626604e-06,3.694365423304803e-05,0.0,7.789227630830929e-08,0.0,0.0,0.0,0.0,1.4566218431411834e-08
complex_snr__k0_2,complex_snr,k0_2,mixed_b,0.0,0.3,False,0.001,0.08348503346245109,True,False,9.900069403003727,0.006246509342590465,0.4031963344645314,0.0,0.007982173789871658,0.0,0.0,0.0,0.0,1.4971526195040838e-07
complex_snr__k0_2,complex_snr,k0_2,mixed_b,0.025,0.3,False,0.001584893192461114,1000000000.0,False,False,0.035032646999752615,0.0,0.0,0.0,0.0,0.0,0.0,0.0,0.0,1000000000.0
complex_snr__k0_2,complex_snr,k0_2,mixed_b,0.05,0.3,False,0.0025118864315095794,1000000000.0,False,False,0.026931847001833376,0.0,0.0,0.0,0.0,0.0,0.0,0.0,0.0,1000000000.0
complex_snr__k0_2,complex_snr,k0_2,mixed_b,0.07500000000000001,0.3,False,0.003981071705534973,1000000000.0,False,False,0.026261182996677235,0.0,0.0,0.0,0.0,0.0,0.0,0.0,0.0,1000000000.0
complex_snr__k0_2,complex_snr,k0_2,mixed_b,0.1,0.3,False,0.00630957344480193,0.10946299624764189,True,False,8.719321486998524,0.002897376215176734,0.5439232615033636,0.0,0.0004942591870794488,0.0,0.0,0.0,0.0,8.433258969039324e-08
complex_snr__k0_2,complex_snr,k0_2,mixed_b,0.125,0.3,False,0.01,1000000000.0,False,False,0.026876201998675242,0.0,0.0,0.0,0.0,0.0,0.0,0.0,0.0,1000000000.0
complex_snr__k0_2,complex_snr,k0_2,mixed_b,0.15000000000000002,0.3,False,0.01584893192461114,1000000000.0,False,False,0.04294577700056834,0.0,0.0,0.0,0.0,0.0,0.0,0.0,0.0,1000000000.0
complex_snr__k0_2,complex_snr,k0_2,mixed_b,0.17500000000000002,0.3,False,0.025118864315095808,0.11073259841131791,True,False,8.478500753000844,0.0008008036830129605,0.5527237264743856,0.0,0.0001384370023712784,0.0,0.0,0.0,0.0,2.489681969019869e-08
complex_snr__k0_2,complex_snr,k0_2,mixed_b,0.2,0.3,False,0.039810717055349734,1000000000.0,False,False,0.0266718229977414,0.0,0.0,0.0,0.0,0.0,0.0,0.0,0.0,1000000000.0
complex_snr__k0_2,complex_snr,k0_2,mixed_b,0.225,0.3,False,0.06309573444801933,0.07736255527562906,True,False,8.427410065000004,0.0001884133798318852,0.38638562732689247,0.0,0.00023860380598181728,0.0,0.0,0.0,0.0,1.318654391076152e-07
complex_snr__k0_2,complex_snr,k0_2,mixed_b,0.25,0.3,False,0.1,0.04865819513362217,True,False,8.451272149999568,8.373319566760395e-05,0.24301151473279395,0.0,0.00019571944297073124,0.0,0.0,0.0,0.0,8.296678564657704e-09
complex_snr__k0_2,complex_snr,k0_2,mixed_b,0.275,0.3,False,0.15848931924611143,0.01725304797941076,True,False,8.875215847001527,2.6155095427889182e-05,0.08615266783122306,0.0,8.638248670971341e-05,0.0,0.0,0.0,0.0,3.448369313211663e-08
complex_snr__k0_2,complex_snr,k0_2,mixed_b,0.3,0.3,True,0.25118864315095796,0.0,True,False,8.806386445998214,0.0,0.0,0.0,0.0,0.0,0.0,0.0,0.0,0.0
complex_snr__k0_2,complex_snr,k0_2,mixed_b,0.325,0.3,False,0.3981071705534973,0.03288785835821437,True,False,8.922460162000789,6.210903903266856e-05,0.16413840397730403,0.0,0.00023875516747259298,0.0,0.0,0.0,0.0,2.3607262532504072e-08
complex_snr__k0_2,complex_snr,k0_2,mixed_b,0.35000000000000003,0.3,False,0.6309573444801936,0.17049357530636827,True,False,9.138245642003312,0.00037198320312479107,0.8505993831977696,0.0,0.001496503245476616,0.0,0.0,0.0,0.0,6.885470326383241e-09
complex_snr__k0_2,complex_snr,k0_2,mixed_b,0.375,0.3,False,1.0,1000000000.0,False,False,0.03692919100285508,0.0,0.0,0.0,0.0,0.0,0.0,0.0,0.0,1000000000.0
complex_snr__k0_2,complex_snr,k0_2,mixed_b,0.4,0.3,False,1.584893192461114,0.9627656704611477,True,False,9.239813988002425,0.001988665661069737,4.794991132667461,0.0,0.016848553977122132,0.0,0.0,0.0,0.0,8.554975648682346e-14
complex_snr__k0_2,complex_snr,k0_2,mixed_b,0.42500000000000004,0.3,False,2.5118864315095824,1.6430267054386782,True,False,9.365151341000455,0.002884733380915487,8.146384223801995,0.0,0.0658645577017351,0.0,0.0,0.0,0.0,1.2308745138138732e-08
complex_snr__k0_2,complex_snr,k0_2,mixed_b,0.45,0.3,False,3.981071705534973,2.408954267351174,True,False,9.236719558000914,0.004489349174934526,11.83735906522909,0.0,0.2029229109179682,0.0,0.0,0.0,0.0,1.1433877517001881e-08
complex_snr__k0_2,complex_snr,k0_2,mixed_b,0.47500000000000003,0.3,False,6.309573444801936,3.2248385268099633,True,False,9.521084038999106,0.007904092408402863,15.815429266465895,0.0,0.300859262844688,0.0,0.0,0.0,0.0,1.2330830409063056e-08
complex_snr__k0_2,complex_snr,k0_2,mixed_b,0.5,0.3,False,10.0,4.085710146021261,True,False,9.782909424997342,0.01252836784769245,20.154890890142205,0.0,0.2611314613818525,0.0,0.0,0.0,0.0,1.0734552458294273e-08
complex_snr__k0_2,complex_snr,k0_2,mixed_b,0.525,0.3,False,15.848931924611142,4.942359045115041,True,False,9.630362720003177,0.01696538749197739,24.4659159722547,0.0,0.22891378692288514,0.0,0.0,0.0,0.0,7.890564197567262e-08
complex_snr__k0_2,complex_snr,k0_2,mixed_b,0.55,0.3,False,25.11886431509582,1000000000.0,False,False,0.043672289000824094,0.0,0.0,0.0,0.0,0.0,0.0,0.0,0.0,1000000000.0
complex_snr__k0_2,complex_snr,k0_2,mixed_b,0.5750000000000001,0.3,False,39.81071705534978,6.26373623939958,True,False,10.157885578999412,0.01891555608514222,31.112494207379047,0.0,0.187271369037094,0.0,0.0,0.0,0.0,6.44966153336695e-08
complex_snr__k0_2,complex_snr,k0_2,mixed_b,0.6000000000000001,0.3,False,63.09573444801943,6.6394176732576,True,False,10.235227053999552,0.01773907408019043,33.00531465455933,0.0,0.17403463683538578,0.0,0.0,0.0,0.0,8.130962438441553e-10
complex_snr__k0_2,complex_snr,k0_2,mixed_b,0.625,0.3,False,100.0,1000000000.0,False,False,0.027419083002314437,0.0,0.0,0.0,0.0,0.0,0.0,0.0,0.0,1000000000.0
complex_snr__k0_2,complex_snr,k0_2,mixed_b,0.65,0.3,False,158.48931924611142,6.974543763762332,True,False,10.515820805994736,0.015734217141928162,34.69816276945764,0.0,0.1588218016806169,0.0,0.0,0.0,0.0,3.053148089987289e-08
complex_snr__k0_2,complex_snr,k0_2,mixed_b,0.675,0.3,False,251.18864315095823,7.034465592122348,True,False,10.502885928995966,0.017604809944998218,34.99969541718174,0.0,0.15502773346670176,0.0,0.0,0.0,0.0,1.829356650569847e-11
complex_snr__k0_2,complex_snr,k0_2,mixed_b,0.7000000000000001,0.3,False,398.1071705534977,1000000000.0,False,False,0.028629120999539737,0.0,0.0,0.0,0.0,0.0,0.0,0.0,0.0,1000000000.0
complex_snr__k0_2,complex_snr,k0_2,mixed_b,0.7250000000000001,0.3,False,630.9573444801943,7.078999645563897,True,False,11.149174637001124,0.013454817258261791,35.23032715444475,0.0,0.15121621111105368,0.0,0.0,0.0,0.0,4.500541292913353e-08
complex_snr__k0_2,complex_snr,k0_2,mixed_b,0.75,0.3,False,1000.0,7.086955699308935,True,False,11.49742459099798,0.013011859211585364,35.27145112047244,0.0,0.15031528823301252,0.0,0.0,0.0,0.0,2.2862763333215195e-07
complex_snr__k0_2,complex_snr,k0_2,mixed_b,0.775,0.3,False,1584.893192461114,7.0916362766645165,True,False,11.681414644997858,0.014156746783327593,35.29427090521707,0.0,0.14975372663727726,0.0,0.0,0.0,0.0,4.684906310069603e-09
complex_snr__k0_2,complex_snr,k0_2,mixed_b,0.8,0.3,False,2511.886431509582,7.094569764868439,True,False,11.867346576000273,0.01560933662200173,35.30783640400533,0.0,0.14940251226769316,0.0,0.0,0.0,0.0,5.71447172943309e-07
complex_snr__k0_2,complex_snr,k0_2,mixed_b,0.8250000000000001,0.3,False,3981.0717055349774,7.096283182103226,True,False,12.385439493999002,0.016962344159813014,35.31526871959041,0.0,0.14918346148962705,0.0,0.0,0.0,0.0,1.385276282681248e-06
complex_snr__k0_2,complex_snr,k0_2,mixed_b,0.8500000000000001,0.3,False,6309.573444801943,7.097350660320544,True,False,12.307668528002978,0.018136426503283704,35.319564235359266,0.0,0.14904831981947905,0.0,0.0,0.0,0.0,4.3199206945785614e-06
complex_snr__k0_2,complex_snr,k0_2,mixed_b,0.875,0.3,False,10000.0,7.09801809343264,True,False,12.558358573995065,0.018994780737414223,35.32212800710587,0.0,0.1489616386719451,0.0,0.0,0.0,0.0,6.0406479713059295e-06
complex_snr__k0_2,complex_snr,k0_2,mixed_b,0.9,0.3,False,15848.93192461114,7.098393664076754,True,False,12.68463888399856,0.01957643682148908,35.323477997959266,0.0,0.14890833416285312,0.0,0.0,0.0,0.0,5.551440160704568e-06
complex_snr__k0_2,complex_snr,k0_2,mixed_b,0.925,0.3,False,25118.864315095823,7.098659637907768,True,False,12.547840113002167,0.01996218181913845,35.32445642408121,0.0,0.14887247712649507,0.0,0.0,0.0,0.0,7.106511994022385e-06
complex_snr__k0_2,complex_snr,k0_2,mixed_b,0.9500000000000001,0.3,False,39810.71705534977,7.098873801830601,True,False,12.918686846998753,0.020214038208997795,35.32529636067003,0.0,0.14885176662491278,0.0,0.0,0.0,0.0,6.8436490618508785e-06
complex_snr__k0_2,complex_snr,k0_2,mixed_b,0.9750000000000001,0.3,False,63095.73444801943,1000000000.0,False,False,0.02919030400516931,0.0,0.0,0.0,0.0,0.0,0.0,0.0,0.0,1000000000.0
complex_snr__k0_2,complex_snr,k0_2,mixed_b,1.0,0.3,False,100000.0,7.099248706671084,True,False,12.874797512995428,0.020474613398281907,35.326929442527316,0.0,0.14883153672642785,0.0,0.0,0.0,0.0,7.940703391302769e-06
complex_snr__k0_3,complex_snr,k0_3,mixed_b,0.0,0.65,False,0.001,90.06601308884927,True,True,8.52392810600577,339.3816099883944,10.822015529747915,0.0,0.12643992610405627,0.0,0.0,0.0,0.0,100.0
complex_snr__k0_3,complex_snr,k0_3,mixed_b,0.025,0.65,False,0.001584893192461114,89.93387988314561,True,True,8.411785846001294,338.7211310928335,10.821842106595755,0.0,0.12642621629879106,0.0,0.0,0.0,0.0,100.0
complex_snr__k0_3,complex_snr,k0_3,mixed_b,0.05,0.65,False,0.0025118864315095794,89.79939865756575,True,True,8.442732602998149,338.04884159610833,10.821727294558727,0.0,0.12642439716164844,0.0,0.0,0.0,0.0,100.0
complex_snr__k0_3,complex_snr,k0_3,mixed_b,0.07500000000000001,0.65,False,0.003981071705534973,89.52668140028958,True,True,8.796752608999668,336.68537352835267,10.821613256450561,0.0,0.12642021664462005,0.0,0.0,0.0,0.0,100.0
complex_snr__k0_3,complex_snr,k0_3,mixed_b,0.1,0.65,False,0.00630957344480193,89.13634426252437,True,True,8.650585041003069,334.734029084389,10.821284342434762,0.0,0.12640788579807685,0.0,0.0,0.0,0.0,100.0
complex_snr__k0_3,complex_snr,k0_3,mixed_b,0.125,0.65,False,0.01,88.5185363908839,True,True,8.80413239599875,331.6454149416576,10.820874813512456,0.0,0.1263921992494321,0.0,0.0,0.0,0.0,100.0
complex_snr__k0_3,complex_snr,k0_3,mixed_b,0.15000000000000002,0.65,False,0.01584893192461114,87.53715679888067,True,True,8.709797917996184,326.73942943073575,10.820000224299157,0.0,0.12635433936847046,0.0,0.0,0.0,0.0,100.0
complex_snr__k0_3,complex_snr,k0_3,mixed_b,0.17500000000000002,0.65,False,0.025118864315095808,86.00977165091776,True,True,8.42472152299888,319.10361838869704,10.818925692923843,0.0,0.12631417296784797,0.0,0.0,0.0,0.0,100.0
complex_snr__k0_3,complex_snr,k0_3,mixed_b,0.2,0.65,False,0.039810717055349734,83.6707448260317,True,True,8.85716339800274,307.41051280093814,10.816974955018573,0.0,0.1262363742017752,0.0,0.0,0.0,0.0,100.0
complex_snr__k0_3,complex_snr,k0_3,mixed_b,0.225,0.65,False,0.06309573444801933,80.11630630366338,True,True,8.506892104000144,289.6413850633525,10.81402682692278,0.0,0.12611962804161256,0.0,0.0,0.0,0.0,100.0
complex_snr__k0_3,complex_snr,k0_3,mixed_b,0.25,0.65,False,0.1,74.95800853509319,True,True,8.849131948001741,263.8548771118383,10.809235072308553,0.0,0.12593049131911174,0.0,0.0,0.0,0.0,100.0
complex_snr__k0_3,complex_snr,k0_3,mixed_b,0.275,0.65,False,0.15848931924611143,67.8976390320179,True,True,8.64208929999586,228.56089177658254,10.801669794313556,0.0,0.1256335891933902,0.0,0.0,0.0,0.0,100.0
complex_snr__k0_3,complex_snr,k0_3,mixed_b,0.30000000000000004,0.65,False,0.25118864315095824,59.468019726228796,True,True,9.014256082002248,186.42517808454514,10.789759412537734,0.0,0.1251611340611438,0.0,0.0,0.0,0.0,100.0
complex_snr__k0_3,complex_snr,k0_3,mixed_b,0.325,0.65,False,0.3981071705534973,52.72692226256097,True,True,8.699608795999666,152.73928170424628,10.77091251340099,0.0,0.12441709515762059,0.0,0.0,0.0,0.0,100.0
complex_snr__k0_3,complex_snr,k0_3,mixed_b,0.35000000000000003,0.65,False,0.6309573444801936,35.66278612047239,True,True,8.997423036002147,67.44982197814598,10.74086684166466,0.0,0.12324178255131397,0.0,0.0,0.0,0.0,100.0
complex_snr__k0_3,complex_snr,k0_3,mixed_b,0.375,0.65,False,1.0,28.785810053381095,True,True,8.70825853900169,33.11447948808552,10.693186696922185,0.0,0.12138408189777304,0.0,0.0,0.0,0.0,100.0
complex_snr__k0_3,complex_snr,k0_3,mixed_b,0.4,0.65,False,1.584893192461114,25.992855310891457,True,True,8.696322341995256,19.22854503606024,10.617272382167837,0.0,0.11845913622921689,0.0,0.0,0.0,0.0,100.0
complex_snr__k0_3,complex_snr,k0_3,mixed_b,0.42500000000000004,0.65,False,2.5118864315095824,24.79675385620603,True,True,8.789245864994882,13.373217006250442,10.496665643217892,0.0,0.11388663156182229,0.0,0.0,0.0,0.0,100.0
complex_snr__k0_3,complex_snr,k0_3,mixed_b,0.45,0.65,False,3.981071705534973,24.198886072570748,True,True,8.943487378004647,10.583623977847965,10.304038241016324,0.0,0.10676814398944157,0.0,0.0,0.0,0.0,100.0
complex_snr__k0_3,complex_snr,k0_3,mixed_b,0.47500000000000003,0.65,False,6.309573444801936,23.78904197670496,True,True,9.333156018001318,8.852495723511161,9.996855997107657,0.0,0.09585816290598587,0.0,0.0,0.0,0.0,100.0
complex_snr__k0_3,complex_snr,k0_3,mixed_b,0.5,0.65,False,10.0,23.39122879417255,True,True,9.16759498600004,7.369575083384603,9.506892230268539,0.0,0.07967665720960902,0.0,0.0,0.0,0.0,100.0
complex_snr__k0_3,complex_snr,k0_3,mixed_b,0.525,0.65,False,15.848931924611142,2.926643483370882,True,False,9.321236151998164,5.845276747586565,8.730366037139545,0.0,0.057574513302807225,0.0,0.0,0.0,0.0,1.1882549141565695e-07
complex_snr__k0_3,complex_snr,k0_3,mixed_b,0.55,0.65,False,25.11886431509582,2.3610746117547476,True,False,9.127200079004979,4.245706897514802,7.526778977186538,0.0,0.032887180670557584,0.0,0.0,0.0,0.0,3.4018389047213893e-09
complex_snr__k0_3,complex_snr,k0_3,mixed_b,0.5750000000000001,0.65,False,39.81071705534978,1.6916889618896573,True,False,9.363166497998463,2.673573508792428,5.771090479539721,0.0,0.013780795058282178,0.0,0.0,0.0,0.0,2.605785409952098e-08
complex_snr__k0_3,complex_snr,k0_3,mixed_b,0.6000000000000001,0.65,False,63.09573444801943,0.9649862422887207,True,False,9.621109505998902,1.3081148063589296,3.512692827250905,0.0,0.004123543521929711,0.0,0.0,0.0,0.0,3.431183906681157e-08
complex_snr__k0_3,complex_snr,k0_3,mixed_b,0.625,0.65,False,100.0,0.3114974872942141,True,False,9.517017473001033,0.35381341832590774,1.2029853855418478,0.0,0.0006886178877383921,0.0,0.0,0.0,0.0,1.471557662846264e-08
complex_snr__k0_3,complex_snr,k0_3,mixed_b,0.65,0.65,True,158.48931924611142,0.0,True,False,9.687764485002845,0.0,0.0,0.0,0.0,0.0,0.0,0.0,0.0,0.0
complex_snr__k0_3,complex_snr,k0_3,mixed_b,0.675,0.65,False,251.18864315095823,0.5263762998406933,True,False,9.44058777099417,0.395304733349768,2.236240315343562,0.0,0.0003364483123406434,0.0,0.0,0.0,0.0,2.1977967261739523e-09
complex_snr__k0_3,complex_snr,k0_3,mixed_b,0.7000000000000001,0.65,False,398.1071705534977,2.7452420803442474,True,False,9.528617269999813,1.6375824930857819,12.087641660130512,0.0,0.0009858748008256658,0.0,0.0,0.0,0.0,3.7370411879976885e-07
complex_snr__k0_3,complex_snr,k0_3,mixed_b,0.7250000000000001,0.65,False,630.9573444801943,8.043817636962212,True,False,9.262654058999033,3.772886199592314,36.44453138027935,0.0,0.0016698674967923835,0.0,0.0,0.0,0.0,7.374425976675397e-07
complex_snr__k0_3,complex_snr,k0_3,mixed_b,0.75,0.65,False,1000.0,18.553020662628406,True,False,9.750170665996848,6.803036136732715,85.95977418817694,0.0,0.002290732673545253,0.0,0.0,0.0,0.0,2.2555588314404227e-06
complex_snr__k0_3,complex_snr,k0_3,mixed_b,0.775,0.65,False,1584.893192461114,37.379696572031115,True,False,9.496199818000605,10.698439274574472,176.19721477870198,0.0,0.002825160261933032,0.0,0.0,0.0,0.0,3.6466172227115093e-06
complex_snr__k0_3,complex_snr,k0_3,mixed_b,0.8,0.65,False,2511.886431509582,68.83233796115103,True,False,9.488796412995725,15.411210139328956,328.74719758046547,0.0,0.0032779091580871678,0.0,0.0,0.0,0.0,4.176802653755668e-06
complex_snr__k0_3,complex_snr,k0_3,mixed_b,0.8250000000000001,0.65,False,3981.0717055349774,118.60026958202013,True,False,9.77769176899892,20.891165831879114,572.1065115436143,0.0,0.0036624118646714637,0.0,0.0,0.0,0.0,8.122742607067945e-06
complex_snr__k0_3,complex_snr,k0_3,mixed_b,0.8500000000000001,0.65,False,6309.573444801943,193.8383617324567,True,False,9.831987725003273,27.100114143566564,942.0876916647735,0.0,0.003993201394862202,0.0,0.0,0.0,0.0,9.652548454343298e-06
complex_snr__k0_3,complex_snr,k0_3,mixed_b,0.875,0.65,False,10000.0,303.086859134051,True,False,9.636010497000825,34.021674581705234,1481.40833250249,0.0,0.004283022115989402,0.0,0.0,0.0,0.0,5.56394368682963e-06
complex_snr__k0_3,complex_snr,k0_3,mixed_b,0.9,0.65,False,15848.93192461114,455.97336559387423,True,False,9.772053094005969,41.65888332487805,2238.2028092921914,0.0,0.004542482216515204,0.0,0.0,0.0,0.0,0.000592870085315643
complex_snr__k0_3,complex_snr,k0_3,mixed_b,0.925,0.65,False,25118.864315095823,662.6136264742913,True,False,9.425957813000423,50.02552317619781,3263.0324845230607,0.0,0.004780143017537803,0.0,0.0,0.0,0.0,0.0053445291806689735
complex_snr__k0_3,complex_snr,k0_3,mixed_b,0.9500000000000001,0.65,False,39810.71705534977,952.6492101372781,True,True,9.727074454000103,59.12176727657031,4604.11928041631,0.0,0.005002993509923768,0.0,0.0,0.0,0.0,100.0
complex_snr__k0_3,complex_snr,k0_3,mixed_b,0.9750000000000001,0.65,False,63095.73444801943,1293.8849690589027,True,True,10.24451896300161,68.91002078473007,6300.50960758246,0.0,0.005216927321730177,0.0,0.0,0.0,0.0,100.0
complex_snr__k0_3,complex_snr,k0_3,mixed_b,1.0,0.65,False,100000.0,1710.474889347975,True,True,10.302446437999606,79.28492161782938,8373.084098389316,0.0,0.005426732730698623,0.0,0.0,0.0,0.0,100.0
hybrid__G_O,hybrid,G_O,mixed_b,0.0,0.4000000000000001,False,2.2,101.66033782747147,True,True,5.814620534001733,270.5211562966281,17.214670209684407,0.0,0.08708113854228572,116.09603520930463,0.0,4.382746283197982,0.0,100.0
hybrid__G_O,hybrid,G_O,mixed_b,0.025,0.4000000000000001,False,2.23,100.60759955384107,True,True,5.8182656729986775,266.72845620956696,17.21373768812459,0.0,0.08613769668466319,116.07613706848292,0.0,2.933529106346191,0.0,100.0
hybrid__G_O,hybrid,G_O,mixed_b,0.05,0.4000000000000001,False,2.2600000000000002,99.01291275937268,True,True,6.050978699000552,258.87435150422255,17.21185353349993,0.0,0.08548111044345752,116.05058288327618,0.0,2.842294765421308,0.0,100.0
hybrid__G_O,hybrid,G_O,mixed_b,0.07500000000000001,0.4000000000000001,False,2.29,1000000000.0,False,False,5.322224129995448,0.0,0.0,0.0,0.0,0.0,0.0,0.0,0.0,1000000000.0
hybrid__G_O,hybrid,G_O,mixed_b,0.1,0.4000000000000001,False,2.3200000000000003,91.16066337209095,True,True,5.810657486996206,220.32758181853785,17.20250709852004,0.0,0.08365890855127275,115.8908309744416,0.0,2.2987380604039487,0.0,100.0
hybrid__G_O,hybrid,G_O,mixed_b,0.125,0.4000000000000001,False,2.35,83.614210136573,True,True,5.462641550002445,183.2534011833252,17.19152204335936,0.0,0.08219622821615476,115.70286551680533,0.0,1.8410657111590056,0.0,100.0
hybrid__G_O,hybrid,G_O,mixed_b,0.15000000000000002,0.4000000000000001,False,2.3800000000000003,73.38996301390873,True,True,5.570133717999852,132.7191340127036,17.17125213702201,0.0,0.07974943024304282,115.37422544261054,0.0,1.605454046964523,0.0,100.0
hybrid__G_O,hybrid,G_O,mixed_b,0.17500000000000002,0.4000000000000001,False,2.41,63.962158109735036,True,True,5.463914502994157,86.40637921661079,17.132416029133125,0.0,0.07561743172591634,114.77332326488727,0.0,1.423054606318054,0.0,100.0
hybrid__G_O,hybrid,G_O,mixed_b,0.2,0.4000000000000001,False,2.44,53.59456977767329,True,True,5.562040430995694,35.89951846118027,17.053946802237697,0.0,0.06880440789381181,113.67464987106976,0.0,1.2759293459849104,0.0,100.0
hybrid__G_O,hybrid,G_O,mixed_b,0.225,0.4000000000000001,False,2.47,49.51990334504552,True,True,5.557241080001404,17.89358248360444,16.888054424358263,0.0,0.05815261392353391,111.66795779611056,0.0,1.091769407230794,0.0,100.0
hybrid__G_O,hybrid,G_O,mixed_b,0.25,0.4000000000000001,False,2.5,47.377906668134884,True,True,5.808341556999949,11.471958566254076,16.522276144217276,0.0,0.04320673214635234,107.97210118067062,0.0,0.8799907173861,0.0,100.0
hybrid__G_O,hybrid,G_O,mixed_b,0.275,0.4000000000000001,False,2.5300000000000002,45.22979077909532,True,True,6.172776891995454,8.41346758738139,15.7221129612574,0.0,0.026168707900947046,101.32952474117312,0.0,0.6576798977637213,0.0,100.0
hybrid__G_O,hybrid,G_O,mixed_b,0.30000000000000004,0.4000000000000001,False,2.56,22.123237251910048,True,False,6.205773832996783,6.14225474370706,14.107696232556572,0.0,0.012108249860092056,89.9098446553368,0.0,0.4442819329011547,0.0,4.4518856392212475e-07
hybrid__G_O,hybrid,G_O,mixed_b,0.325,0.4000000000000001,False,2.59,17.44433842708148,True,False,6.7898857690015575,3.9900306261324068,11.290006735689996,0.0,0.0041936296118603835,71.67939444678692,0.0,0.25806636373922553,0.0,3.334469812665155e-07
hybrid__G_O,hybrid,G_O,mixed_b,0.35000000000000003,0.4000000000000001,False,2.62,11.029305560210123,True,False,6.9864143790036906,2.0183086159585435,7.194530496847509,0.0,0.0010495570780852475,45.818160028563476,0.0,0.11447900837657463,0.0,9.422642543841633e-08
hybrid__G_O,hybrid,G_O,mixed_b,0.375,0.4000000000000001,False,2.65,3.9446623376901777,True,False,7.326624080997135,0.5604840239106994,2.5844851821994963,0.0,0.00014373787543828082,16.551087721605505,0.0,0.02711101925305984,0.0,3.6066883927496705e-09
hybrid__G_O,hybrid,G_O,mixed_b,0.4000000000000001,0.4000000000000001,True,2.68,0.0,True,False,7.806463578999683,0.0,0.0,0.0,0.0,0.0,0.0,0.0,0.0,0.0
hybrid__G_O,hybrid,G_O,mixed_b,0.42500000000000004,0.4000000000000001,False,2.71,7.881112963318751,True,False,7.951706173997081,0.6428137325387455,5.249472461510167,0.0,4.819488036543668e-05,33.49224250791132,0.0,0.020987842470461853,0.0,7.72826942438027e-08
hybrid__G_O,hybrid,G_O,mixed_b,0.45,0.4000000000000001,False,2.74,42.4439353635568,True,False,8.136752795995562,2.6676431414681443,29.391204892853025,0.0,0.00014106896789709488,180.08045685601488,0.0,0.08022424612358492,0.0,6.612356471174531e-06
hybrid__G_O,hybrid,G_O,mixed_b,0.47500000000000003,0.4000000000000001,False,2.77,124.0658506863136,True,False,8.810121351998532,6.119253388237174,91.01250102728744,0.0,0.00031041318044752357,523.0216866741167,0.0,0.1754436973406305,0.0,5.823140551853028e-05
hybrid__G_O,hybrid,G_O,mixed_b,0.5,0.4000000000000001,False,2.8,281.07456011503746,True,False,9.019624330001534,10.910816194753707,217.7409761298556,0.0,0.0006662387437880039,1176.4421830362917,0.0,0.278000482764542,0.0,0.00015849277790418162
hybrid__G_O,hybrid,G_O,mixed_b,0.525,0.4000000000000001,False,2.83,543.5977003816182,True,False,9.193156412002281,16.78043430792198,441.52199800206967,0.0,0.001348967329356391,2259.2906829360372,0.0,0.39019986267771606,0.0,0.0038378320557231416
hybrid__G_O,hybrid,G_O,mixed_b,0.55,0.4000000000000001,False,2.8600000000000003,909.4067095430939,True,False,9.205421623002621,23.063589190850387,768.5499132031531,0.0,0.0025177480030029306,3754.7860316770716,0.0,0.5499003007478642,0.0,0.08159559564358149
hybrid__G_O,hybrid,G_O,mixed_b,0.5750000000000001,0.4000000000000001,False,2.89,1279.633474101473,True,False,9.16968140300014,28.169464443290458,1096.2705327594492,0.0,0.00427690780595269,5272.527852161145,0.0,0.7763244853926948,0.0,0.4189197502821983
hybrid__G_O,hybrid,G_O,mixed_b,0.6000000000000001,0.4000000000000001,False,2.92,1442.5120813832827,True,False,9.734099396999227,29.607994431796698,1185.8219980801703,0.0,0.006290783964211019,5995.506987208092,0.0,1.0544982273533015,0.0,0.5626381850371945
hybrid__G_O,hybrid,G_O,mixed_b,0.625,0.4000000000000001,False,2.95,1293.1195550999566,True,False,9.76430215700384,26.444580622677407,955.1629926112429,0.0,0.007808159933961002,5482.297731695457,0.0,1.3489096513790213,0.0,0.3357527590923544
hybrid__G_O,hybrid,G_O,mixed_b,0.65,0.4000000000000001,False,2.98,986.8189317016391,True,False,9.728528471001482,20.647312490342735,616.3025387993965,0.0,0.008991295111796645,4295.398218321148,0.0,1.4568750221223312,0.0,0.2807225800746433
hybrid__G_O,hybrid,G_O,mixed_b,0.675,0.4000000000000001,False,3.01,703.0130999054668,True,False,9.881330596996122,14.436198373658762,346.33736893266894,0.0,0.01116072898047909,3152.7156855869753,0.0,1.548220163917911,0.0,0.01686574113259297
hybrid__G_O,hybrid,G_O,mixed_b,0.7000000000000001,0.4000000000000001,False,3.04,506.1296010950399,True,False,9.841966921005223,8.948113993731372,179.3016280746489,0.0,0.015964288611850175,2340.7434096891357,0.0,1.6340299140556536,0.0,0.004859515016130993
hybrid__G_O,hybrid,G_O,mixed_b,0.7250000000000001,0.4000000000000001,False,3.0700000000000003,390.8505101129583,True,False,9.454544936001184,4.652552913543687,89.5132459330829,0.0,0.025505654622874893,1858.3336502840027,0.0,1.7273580227655256,0.0,0.00023775677385933842
hybrid__G_O,hybrid,G_O,mixed_b,0.75,0.4000000000000001,False,3.1,333.6602026704114,True,False,9.726616190004279,1.7402183605385106,45.74496453483816,0.0,0.04241281062261792,1618.9406148987214,0.0,1.8297496427205595,0.0,0.0030531046157537653
hybrid__G_O,hybrid,G_O,mixed_b,0.775,0.4000000000000001,False,3.13,311.872971033687,True,False,9.654801338998368,0.2508225914998572,25.856442267214938,0.0,0.06829315531187104,1531.2462708616818,0.0,1.9408942006768344,0.0,0.002132092049752926
hybrid__G_O,hybrid,G_O,mixed_b,0.8,0.4000000000000001,False,3.16,308.1763462951528,True,False,9.491901850000431,0.08976724223519149,17.13148043466432,0.0,0.10067898750916181,1521.4982784292702,0.0,2.0614678965943254,0.0,5.848549092421349e-05
hybrid__G_O,hybrid,G_O,mixed_b,0.8250000000000001,0.4000000000000001,False,3.19,311.50171977109625,True,False,10.13905316000455,1.0236213209987193,13.29697119384571,0.0,0.13277436449635283,1540.8608972560019,0.0,2.1943347016739807,0.0,1.846462138372853e-08
hybrid__G_O,hybrid,G_O,mixed_b,0.8500000000000001,0.4000000000000001,False,3.2199999999999998,316.18971430581314,True,False,9.449248748001992,2.696510186014731,11.572494094469192,0.0,0.15872223679192232,1564.176876825512,0.0,2.343968159578147,0.0,2.669950849743056e-08
hybrid__G_O,hybrid,G_O,mixed_b,0.875,0.4000000000000001,False,3.25,320.11401062922505,True,False,9.193555569996533,4.69397106802934,10.773405715600143,0.0,0.17697106829876888,1582.4108382978472,0.0,2.514866952355405,0.0,4.399444861205754e-08
hybrid__G_O,hybrid,G_O,mixed_b,0.9,0.4000000000000001,False,3.2800000000000002,322.8690044001356,True,False,8.710543938999763,6.658618640679755,10.39033703237377,0.0,0.18875017405005567,1594.3996136297148,0.0,2.7077023253072947,0.0,1.985525305373881e-07
hybrid__G_O,hybrid,G_O,mixed_b,0.925,0.4000000000000001,False,3.31,344.6619204778075,True,True,8.657148734004295,8.446519730353783,10.19974480730867,0.0,0.1959583191701109,1601.549530910162,0.0,2.9178486220427553,0.0,100.0
hybrid__G_O,hybrid,G_O,mixed_b,0.9500000000000001,0.4000000000000001,False,3.34,345.8552537001036,True,True,8.700864209000429,10.329987163966896,10.101356780341636,0.0,0.20022045209774458,1605.5119990282842,0.0,3.1327050758277935,0.0,100.0
hybrid__G_O,hybrid,G_O,mixed_b,0.9750000000000001,0.4000000000000001,False,3.37,346.94284112204275,True,True,8.615645129997574,13.5096977951363,10.049268974300631,0.0,0.2026830710152937,1607.6187758455285,0.0,3.3337799242331627,0.0,100.0
hybrid__G_O,hybrid,G_O,mixed_b,1.0,0.4000000000000001,False,3.4,348.84594331578535,True,True,8.70869123799639,21.780038837202692,10.021173383124186,0.0,0.2040859557595332,1608.714598110998,0.0,3.5098202918425923,0.0,100.0
hybrid__G_OH,hybrid,G_OH,mixed_b,0.0,0.5999999999999999,False,0.8,25.22990036695432,True,False,7.5514583999975,6.55336149109006,15.420946550730994,0.0,0.02249553713428901,99.29083962308881,0.0,4.861858479741684,0.0,1.529857415500456e-07
hybrid__G_OH,hybrid,G_OH,mixed_b,0.025,0.5999999999999999,False,0.8250000000000001,22.498060332041177,True,False,7.04826219700044,4.990993778177472,13.853804367461738,0.0,0.011592787390011433,88.86097890828378,0.0,4.772931774871257,0.0,4.402163504035953e-08
hybrid__G_OH,hybrid,G_OH,mixed_b,0.05,0.5999999999999999,False,0.8500000000000001,18.537082937547492,True,False,7.258869022996805,3.33050785025615,11.394503719156889,0.0,0.005501410793231928,73.3629232639868,0.0,4.591977860897755,0.0,5.826466312559793e-07
hybrid__G_OH,hybrid,G_OH,mixed_b,0.07500000000000001,0.5999999999999999,False,0.875,13.283912198618399,True,False,7.7291764900001,1.7864816271522967,8.029024496751564,0.0,0.0029992313819100554,52.156740008901174,0.0,4.444313314791785,0.0,2.314113256807852e-06
hybrid__G_OH,hybrid,G_OH,mixed_b,0.1,0.5999999999999999,False,0.9,7.286065714537512,True,False,7.96968225800083,0.6069216779326925,4.136131761270518,0.0,0.0024479437870616677,27.37126302725262,0.0,4.3135554508053335,0.0,8.711639329104404e-06
hybrid__G_OH,hybrid,G_OH,mixed_b,0.125,0.5999999999999999,False,0.925,2.6826454606026706,True,False,7.528766201001417,0.029861489487984456,0.8146283373488167,0.0,0.002805169810162517,8.367027473584443,0.0,4.198884304686051,0.0,2.0528095894961674e-05
hybrid__G_OH,hybrid,G_OH,mixed_b,0.15000000000000002,0.5999999999999999,False,0.9500000000000001,4.55629507625004,True,False,7.460946689003322,0.24844445683262117,0.43275004730709166,0.0,0.0035286705040132966,17.986452769295592,0.0,4.110245914895618,0.0,5.3522415259206877e-05
hybrid__G_OH,hybrid,G_OH,mixed_b,0.17500000000000002,0.5999999999999999,False,0.9750000000000001,21.683257756722515,True,False,7.587225121998927,1.3916829778403443,7.433803264197073,0.0,0.0043381324180737715,95.55004130134606,0.0,4.036263041692404,0.0,0.00016006611861903118
hybrid__G_OH,hybrid,G_OH,mixed_b,0.2,0.5999999999999999,False,1.0,65.1645609699599,True,False,7.530687681995914,3.520992382200742,29.387529467397624,0.0,0.005093253166963894,288.94776765241613,0.0,3.9607994039128482,0.0,0.0006226907051329979
hybrid__G_OH,hybrid,G_OH,mixed_b,0.225,0.5999999999999999,False,1.0250000000000001,145.9793078243122,True,False,8.03611027199804,6.6324706822162,78.12073516985257,0.0,0.00574721643214586,641.2569188213218,0.0,3.8779945968444265,0.0,0.0026726348937346337
hybrid__G_OH,hybrid,G_OH,mixed_b,0.25,0.5999999999999999,False,1.05,275.72462192671503,True,False,8.017742860996805,10.657024326381654,170.29724331522752,0.0,0.0063199904999145014,1193.8517607520478,0.0,3.7979112764275884,0.0,0.012849972990720033
hybrid__G_OH,hybrid,G_OH,mixed_b,0.275,0.5999999999999999,False,1.0750000000000002,466.70040607645007,True,False,8.307725017002667,15.43751060378002,325.40474339153644,0.0,0.006873309123247978,1988.8110089079328,0.0,3.781953771664049,0.0,0.05994039821351994
hybrid__G_OH,hybrid,G_OH,mixed_b,0.30000000000000004,0.5999999999999999,False,1.1,721.7270027109802,True,False,8.489426565996837,20.64448647125689,555.7709456224651,0.0,0.00745175812088156,3028.390616840802,0.0,3.617766325080887,0.0,0.20374653717512345
hybrid__G_OH,hybrid,G_OH,mixed_b,0.325,0.5999999999999999,False,1.125,1014.2201250720433,True,False,9.024817642995913,25.58684062787009,839.6895553373129,0.0,0.007980094944603854,4201.91894760942,0.0,3.4623647113285747,0.0,0.43493697934100833
hybrid__G_OH,hybrid,G_OH,mixed_b,0.35000000000000003,0.5999999999999999,False,1.1500000000000001,1254.724209234411,True,False,8.750244366994593,29.0072240949904,1083.0155203093698,0.0,0.008251403954960186,5157.68506715826,0.0,3.274782093949216,0.0,0.630201111531007
hybrid__G_OH,hybrid,G_OH,mixed_b,0.375,0.5999999999999999,False,1.175,1317.5453561967174,True,False,8.725942185003078,29.482776769495786,1141.1258526526822,0.0,0.008129722316757952,5413.433223673397,0.0,3.0380761793593587,0.0,0.6387219863353557
hybrid__G_OH,hybrid,G_OH,mixed_b,0.4,0.5999999999999999,False,1.2000000000000002,1161.1338002885984,True,False,8.794098712998675,26.748284000525487,970.5535764992105,0.0,0.007565412193239019,4805.224414458974,0.0,2.755397272919125,0.0,0.37976379917039804
hybrid__G_OH,hybrid,G_OH,mixed_b,0.42500000000000004,0.5999999999999999,False,1.225,879.3913731502147,True,False,8.99431316999835,22.03908792278587,690.5188781967936,0.0,0.00638489895460394,3681.9277165895382,0.0,2.3640266958201854,0.0,0.10077144718117013
hybrid__G_OH,hybrid,G_OH,mixed_b,0.45,0.5999999999999999,False,1.25,595.3209368931359,True,False,8.83866209199914,16.780233339628893,430.7891730648641,0.0,0.004588532456611708,2527.179775829226,0.0,1.8453370836307483,0.0,0.005576615872802328
hybrid__G_OH,hybrid,G_OH,mixed_b,0.47500000000000003,0.5999999999999999,False,1.2750000000000001,361.3065032907344,True,False,8.717878664996533,11.825589305412858,242.00790275989394,0.0,0.002664429330271801,1551.340599249846,0.0,1.3557443409519536,0.0,1.636823666188072e-05
hybrid__G_OH,hybrid,G_OH,mixed_b,0.5,0.5999999999999999,False,1.3,187.1574187688138,True,False,8.457552789994224,7.576010988229866,122.20164393666691,0.0,0.0011763623929973304,805.0158167908679,0.0,0.9924043779128955,0.0,4.138799853681756e-05
hybrid__G_OH,hybrid,G_OH,mixed_b,0.525,0.5999999999999999,False,1.3250000000000002,79.40270374849307,True,False,8.273862496003858,4.2175141501014215,53.50418219927754,0.0,0.00036352500242035565,338.6364326433753,0.0,0.6550085458916214,0.0,1.7678817015004576e-05
hybrid__G_OH,hybrid,G_OH,mixed_b,0.55,0.5999999999999999,False,1.35,26.636538302923118,True,False,8.560117868997622,1.8336802226931939,18.338978400938288,0.0,7.971288427049167e-05,112.73486630582244,0.0,0.2750824210152383,0.0,4.4512621532448225e-06
hybrid__G_OH,hybrid,G_OH,mixed_b,0.5750000000000001,0.5999999999999999,False,1.375,5.105134978938939,True,False,7.805669441004284,0.4427920740134616,3.501030485921667,0.0,1.8707815085336206e-05,21.53164164766317,0.0,0.05019145093974693,0.0,5.283415627458344e-07
hybrid__G_OH,hybrid,G_OH,mixed_b,0.5999999999999999,0.5999999999999999,True,1.4,0.0,True,False,7.561233805005031,0.0,0.0,0.0,0.0,0.0,0.0,0.0,0.0,0.0
hybrid__G_OH,hybrid,G_OH,mixed_b,0.625,0.5999999999999999,False,1.425,2.9180731027170435,True,False,7.495227157000045,0.3947682876335571,1.9636658408986394,0.0,7.349943709334381e-05,12.200599634174003,0.0,0.03125823050934407,0.0,2.093258061420328e-08
hybrid__G_OH,hybrid,G_OH,mixed_b,0.65,0.5999999999999999,False,1.4500000000000002,8.703167071013322,True,False,6.944385745002364,1.4526146008979826,5.78836221977962,0.0,0.0005556023071432566,36.15862151301874,0.0,0.11568112042215242,0.0,2.9864097046673406e-07
hybrid__G_OH,hybrid,G_OH,mixed_b,0.675,0.5999999999999999,False,1.475,14.576576400862233,True,False,6.956528669004911,2.9538612645822955,9.561146458070539,0.0,0.002233908471426805,60.11440617102839,0.0,0.2512340302968298,0.0,1.7186169187120803e-07
hybrid__G_OH,hybrid,G_OH,mixed_b,0.7000000000000001,0.5999999999999999,False,1.5,19.387606111680398,True,False,6.315119120998133,4.67369154855999,12.491259475943352,0.0,0.006614712410506078,79.32863356428179,0.0,0.4378312555731374,0.0,1.6332161784954416e-09
hybrid__G_OH,hybrid,G_OH,mixed_b,0.7250000000000001,0.5999999999999999,False,1.5250000000000001,22.91923315082929,True,False,6.454691304999869,6.446175557272077,14.422142786366475,0.0,0.015417164459829436,93.03646982388882,0.0,0.6759603964443186,0.0,2.5714907020902863e-08
hybrid__G_OH,hybrid,G_OH,mixed_b,0.75,0.5999999999999999,False,1.55,45.37326526463754,True,True,6.281806883001991,8.267664763605827,15.512461094620386,0.0,0.02873513653930171,102.09362413291916,0.0,0.9638411955030548,0.0,100.0
hybrid__G_OH,hybrid,G_OH,mixed_b,0.775,0.5999999999999999,False,1.5750000000000002,47.09275344210626,True,True,5.883229276994825,10.450851287505504,16.029628304089094,0.0,0.04444153607451997,107.63207913159775,0.0,1.3067669512644455,0.0,100.0
hybrid__G_OH,hybrid,G_OH,mixed_b,0.8,0.5999999999999999,False,1.6,48.49208399812245,True,True,6.072082239996234,13.984645796937844,16.20648885762541,0.0,0.06030899591348448,110.52009286824668,0.0,1.6888834718888508,0.0,100.0
hybrid__G_OH,hybrid,G_OH,mixed_b,0.8250000000000001,0.5999999999999999,False,1.625,50.22174651268945,True,True,5.893001623997407,21.392919620098986,16.188193995099116,0.0,0.07448261264104543,111.32984974349922,0.0,2.123286592108864,0.0,100.0
hybrid__G_OH,hybrid,G_OH,mixed_b,0.8500000000000001,0.5999999999999999,False,1.6500000000000001,1000000000.0,False,False,0.026152734993956983,0.0,0.0,0.0,0.0,0.0,0.0,0.0,0.0,1000000000.0
hybrid__G_OH,hybrid,G_OH,mixed_b,0.875,0.5999999999999999,False,1.675,61.950084505145334,True,True,5.758414803996857,82.10625755255879,15.82640544940695,0.0,0.09293653624554168,108.66279830612923,0.0,3.0620246813861307,0.0,100.0
hybrid__G_OH,hybrid,G_OH,mixed_b,0.9,0.5999999999999999,False,1.7000000000000002,1000000000.0,False,False,0.02738205000059679,0.0,0.0,0.0,0.0,0.0,0.0,0.0,0.0,1000000000.0
hybrid__G_OH,hybrid,G_OH,mixed_b,0.925,0.5999999999999999,False,1.725,79.55664839548452,True,True,6.030500815999403,174.6083167997072,15.1580861528476,0.0,0.10078951158660714,104.22593097682235,0.0,3.6901185364587605,0.0,100.0
hybrid__G_OH,hybrid,G_OH,mixed_b,0.9500000000000001,0.5999999999999999,False,1.75,87.71332030790202,True,True,5.871281378997082,217.60810228868473,14.71176752961639,0.0,0.1027608993386233,102.45941638781085,0.0,3.684554434059506,0.0,100.0
hybrid__G_OH,hybrid,G_OH,mixed_b,0.9750000000000001,0.5999999999999999,False,1.7750000000000001,94.55185833506565,True,True,6.0337910750022274,253.55874753155507,14.183432012659228,0.0,0.10409835562457276,101.12742133753981,0.0,3.785592437949475,0.0,100.0
hybrid__G_OH,hybrid,G_OH,mixed_b,1.0,0.5999999999999999,False,1.8,1000000000.0,False,False,0.026190096999926027,0.0,0.0,0.0,0.0,0.0,0.0,0.0,0.0,1000000000.0
hybrid__k0_1,hybrid,k0_1,mixed_b,0.0,0.7,False,0.001,25.288597641312766,True,False,11.00951848099794,0.11225526065987437,8.498480882465216e-05,0.0,0.017003698553625525,124.43419427290576,0.0,1.8794180969468606,0.0,3.189268888283621e-05
hybrid__k0_1,hybrid,k0_1,mixed_b,0.025,0.7,False,0.001584893192461114,20.011342678630534,True,False,10.577617094000743,0.05292274320582427,0.020057771911371352,0.0,0.011500463896275724,98.28951815579899,0.0,1.682703461976645,0.0,1.0796363566460267e-05
hybrid__k0_1,hybrid,k0_1,mixed_b,0.05,0.7,False,0.0025118864315095794,14.783492692657129,True,False,10.824821980997513,0.02632447966281802,0.07780950257723135,0.0,0.007672509394639468,72.3255809097353,0.0,1.4800684878415966,0.0,7.574074060890367e-06
hybrid__k0_1,hybrid,k0_1,mixed_b,0.07500000000000001,0.7,False,0.003981071705534973,9.919574419417229,True,False,10.763176227999793,0.015000854225734408,0.16107049369750723,0.0,0.004973243300883165,48.13093497445118,0.0,1.2858878202560002,0.0,4.711154844995159e-06
hybrid__k0_1,hybrid,k0_1,mixed_b,0.1,0.7,False,0.00630957344480193,5.916683540804429,True,False,10.387287658006244,0.010337548472776265,0.24857541311065906,0.0,0.003068687381269681,28.202012458844184,0.0,1.1194218852115887,0.0,1.711001662757443e-06
hybrid__k0_1,hybrid,k0_1,mixed_b,0.125,0.7,False,0.01,3.128928399338135,True,False,10.354099091993703,0.00850539458725541,0.3219436239126229,0.0,0.0017653607000528157,14.360369282956679,0.0,0.9520577240858836,0.0,6.104481812744298e-07
hybrid__k0_1,hybrid,k0_1,mixed_b,0.15000000000000002,0.7,False,0.01584893192461114,1.5561095089810923,True,False,9.875314229997457,0.007851129038029103,0.3720411288896121,0.0,0.0009298709849088469,6.611104713275188,0.0,0.7886205868935583,0.0,1.1582416480042005e-07
hybrid__k0_1,hybrid,k0_1,mixed_b,0.17500000000000002,0.7,False,0.025118864315095808,0.9009806559474084,True,False,9.663984226994216,0.007689785035076318,0.3976889267907841,0.0,0.0004439817482218098,3.3886190253506734,0.0,0.7104615544663538,0.0,6.345932768368042e-09
hybrid__k0_1,hybrid,k0_1,mixed_b,0.2,0.7,False,0.039810717055349734,0.7489050066000867,True,False,9.642518724998808,0.007703363287322306,0.40110345874339903,0.0,0.00019509015124989225,2.659340542384384,0.0,0.676182565127492,0.0,1.3306586732634989e-08
hybrid__k0_1,hybrid,k0_1,mixed_b,0.225,0.7,False,0.06309573444801933,0.7871641424919226,True,False,9.375570568998228,0.007701907294489689,0.3844310303465565,0.0,8.91800756110895e-05,2.8664788648282125,0.0,0.6771197084339438,0.0,2.148079931054947e-08
hybrid__k0_1,hybrid,k0_1,mixed_b,0.25,0.7,False,0.1,0.855184308757021,True,False,9.175582730997121,0.0075503641472770295,0.34885636253644675,0.0,6.474970365388947e-05,3.1987588672493947,0.0,0.7206911996585733,0.0,4.897594308996064e-10
hybrid__k0_1,hybrid,k0_1,mixed_b,0.275,0.7,False,0.15848931924611143,0.8963138989626811,True,False,8.940129320995766,0.007144830305799799,0.2961088393796255,0.0,9.465336221798586e-05,3.36125855236363,0.0,0.8169626187200112,0.0,6.821211048710031e-10
hybrid__k0_1,hybrid,k0_1,mixed_b,0.30000000000000004,0.7,False,0.25118864315095824,0.9156381422391444,True,False,9.047051207999175,0.006475402270128557,0.23179619887660793,0.0,0.00017231209292781116,3.3541161139565245,0.0,0.9856305354112733,0.0,1.4858825998127615e-07
hybrid__k0_1,hybrid,k0_1,mixed_b,0.325,0.7,False,0.3981071705534973,0.9488470338823367,True,False,8.899642137999763,0.00563361202202331,0.1663013535239118,0.0,0.00028465515508557603,3.3537990254271586,0.0,1.2182164454304483,0.0,7.785305683662925e-08
hybrid__k0_1,hybrid,k0_1,mixed_b,0.35000000000000003,0.7,False,0.6309573444801936,1.0264174502081658,True,False,9.189488436997635,0.00470771605289824,0.11035362806280699,0.0,0.0003924663349394032,3.428054480268515,0.0,1.5885789597711404,0.0,5.50528340409873e-10
hybrid__k0_1,hybrid,k0_1,mixed_b,0.375,0.7,False,1.0,0.9842380451366918,True,False,8.944293337001,0.0037360522184111495,0.06954113670780664,0.0,0.000448292590823286,3.1884225739781247,0.0,1.6590421293438724,0.0,4.084442103108445e-08
hybrid__k0_1,hybrid,k0_1,mixed_b,0.4,0.7,False,1.584893192461114,0.7572744286344272,True,False,9.21121153599961,0.0027655087435681487,0.04336761199539399,0.0,0.00043329704753447757,2.487936111475825,0.0,1.251869599001655,0.0,1.4908159183519046e-08
hybrid__k0_1,hybrid,k0_1,mixed_b,0.42500000000000004,0.7,False,2.5118864315095824,1000000000.0,False,False,0.03351860700058751,0.0,0.0,0.0,0.0,0.0,0.0,0.0,0.0,1000000000.0
hybrid__k0_1,hybrid,k0_1,mixed_b,0.45,0.7,False,3.981071705534973,0.31932581929195275,True,False,8.646177941998758,0.001138040810604955,0.019272118909527795,0.0,0.0002652752275103254,0.9721774815183116,0.0,0.6037759971527389,0.0,1.8284107038619152e-07
hybrid__k0_1,hybrid,k0_1,mixed_b,0.47500000000000003,0.7,False,6.309573444801936,0.20384412796008608,True,False,8.940607904994977,0.0006110542612051082,0.013698710522161475,0.0,0.00016991929022478665,0.6176058092327701,0.0,0.3871348787471709,0.0,2.677468982023636e-07
hybrid__k0_1,hybrid,k0_1,mixed_b,0.5,0.7,False,10.0,0.1331797874964767,True,False,9.158938741995371,0.00028825352641739305,0.009479907704664892,0.0,9.479086185779695e-05,0.4214172406080354,0.0,0.23461869180213094,0.0,5.2979276953376474e-08
hybrid__k0_1,hybrid,k0_1,mixed_b,0.525,0.7,False,15.848931924611142,0.08317028986229792,True,False,9.11738559299556,0.0001211943929248384,0.00602895598510117,0.0,4.6034318359007715e-05,0.2767336031876897,0.0,0.13292163667171322,0.0,2.4755701656339315e-08
hybrid__k0_1,hybrid,k0_1,mixed_b,0.55,0.7,False,25.11886431509582,0.04726722574240933,True,False,9.096538257006614,4.693959246190987e-05,0.0034089941775308076,0.0,1.9621796930292117e-05,0.16348190908663432,0.0,0.06937862626810844,0.0,3.779038091323973e-08
hybrid__k0_1,hybrid,k0_1,mixed_b,0.5750000000000001,0.7,False,39.81071705534978,0.02388698412215396,True,False,8.890510773002461,1.7651085073057476e-05,0.0016865132401682006,0.0,7.4598315372358196e-06,0.08495601958852048,0.0,0.032767260274319476,0.0,1.6591151366866647e-08
hybrid__k0_1,hybrid,k0_1,mixed_b,0.6000000000000001,0.7,False,63.09573444801943,0.010537739017197807,True,False,9.379751603999466,7.2800255945030716e-06,0.0007223672677889594,0.0,2.5542228544067505e-06,0.03823510682769622,0.0,0.013721374590921102,0.0,1.2151133833958861e-08
hybrid__k0_1,hybrid,k0_1,mixed_b,0.625,0.7,False,100.0,0.0039293394283721065,True,False,8.962101386998256,3.5854851019537988e-06,0.00026063937998380794,0.0,7.81987651000068e-07,0.014465152907192847,0.0,0.004916463886179549,0.0,7.349575137513166e-08
hybrid__k0_1,hybrid,k0_1,mixed_b,0.65,0.7,False,158.48931924611142,0.0011340414671801356,True,False,8.986544466999476,1.4632097528965238e-06,7.32586515124493e-05,0.0,1.9472199203033962e-07,0.004220490847824371,0.0,0.0013747903110392812,0.0,9.593779650109585e-09
hybrid__k0_1,hybrid,k0_1,mixed_b,0.675,0.7,False,251.18864315095823,0.0001827732566334847,True,False,9.00666958399961,3.096131808262288e-07,1.1502891020763901e-05,0.0,2.817826822878949e-08,0.0006859564067659431,0.0,0.00021601480982846288,0.0,5.438410319869516e-08
hybrid__k0_1,hybrid,k0_1,mixed_b,0.7,0.7,True,398.1071705534969,0.0,True,False,9.34669931299868,0.0,0.0,0.0,0.0,0.0,0.0,0.0,0.0,0.0
hybrid__k0_1,hybrid,k0_1,mixed_b,0.7250000000000001,0.7,False,630.9573444801943,7.964748412793553e-05,True,False,9.370635432998824,1.804136346476907e-07,4.940452375780657e-06,0.0,1.0400133300415041e-08,0.0003013299792963421,0.0,9.169197653571496e-05,0.0,8.419866389177965e-08
hybrid__k0_1,hybrid,k0_1,mixed_b,0.75,0.7,False,1000.0,0.00021486353559425675,True,False,9.504380520003906,4.414890507278449e-07,1.3249273735911632e-05,0.0,2.7432690789254777e-08,0.0008141732822756745,0.0,0.000246408593258311,0.0,1.7606959869370222e-08
hybrid__k0_1,hybrid,k0_1,mixed_b,0.775,0.7,False,1584.893192461114,0.0003356337569158169,True,False,9.631479743002274,6.898362281424293e-07,2.0717978741093104e-05,0.0,4.311333129159905e-08,0.0012741377279776292,0.0,0.0003825762878412348,0.0,3.840459693495006e-09
hybrid__k0_1,hybrid,k0_1,mixed_b,0.8,0.7,False,2511.886431509582,0.000427332517018108,True,False,9.803507810996962,8.604353960874032e-07,2.602297727786321e-05,0.0,5.510899383306443e-08,0.0016242254312983243,0.0,0.00048544211654989126,0.0,5.651557454097306e-08
hybrid__k0_1,hybrid,k0_1,mixed_b,0.8250000000000001,0.7,False,3981.0717055349774,0.0004907934205738445,True,False,10.21597523699893,9.72147492585566e-07,3.018448532747253e-05,0.0,6.372719157111086e-08,0.001866243113429287,0.0,0.0005563859713199498,0.0,1.1765810835664968e-07
hybrid__k0_1,hybrid,k0_1,mixed_b,0.8500000000000001,0.7,False,6309.573444801943,0.000533923641191603,True,False,10.247767577995546,1.0500301667575298e-06,3.265498083672406e-05,0.0,6.770181761902873e-08,0.0020289676407004666,0.0,0.0006068368495536213,0.0,4.100288282581414e-08
hybrid__k0_1,hybrid,k0_1,mixed_b,0.875,0.7,False,10000.0,0.0005610219660973714,True,False,10.485893650002254,1.1077492102235106e-06,3.4266280515511136e-05,0.0,7.108789561282323e-08,0.0021332627993017614,0.0,0.000636364456083583,0.0,3.745748016503172e-08
hybrid__k0_1,hybrid,k0_1,mixed_b,0.9,0.7,False,15848.93192461114,0.000579776868875191,True,False,9.999929844998405,1.1372241367894408e-06,3.527085862346533e-05,0.0,7.390647305716947e-08,0.0022049937307457236,0.0,0.0006573058317365932,0.0,1.0279266032613754e-07
hybrid__k0_1,hybrid,k0_1,mixed_b,0.925,0.7,False,25118.864315095823,0.0005914418813104896,True,False,9.914577903000463,1.1605192552829692e-06,3.6160946525269065e-05,0.0,7.59096060993772e-08,0.002249821385137788,0.0,0.0006699900261631734,0.0,6.198648356526171e-10
hybrid__k0_1,hybrid,k0_1,mixed_b,0.9500000000000001,0.7,False,39810.71705534977,0.0005988878360487681,True,False,9.978081772002042,1.1929950762160023e-06,3.650544892827144e-05,0.0,7.709749554720392e-08,0.00227725073084874,0.0,0.0006794117599961594,0.0,1.1478989064098749e-09
hybrid__k0_1,hybrid,k0_1,mixed_b,0.9750000000000001,0.7,False,63095.73444801943,1000000000.0,False,False,0.04658879800263094,0.0,0.0,0.0,0.0,0.0,0.0,0.0,0.0,1000000000.0
hybrid__k0_1,hybrid,k0_1,mixed_b,1.0,0.7,False,100000.0,0.0006063640416623709,True,False,9.287569919004454,1.2265350844626604e-06,3.694365423304803e-05,0.0,7.789227630830929e-08,0.0023060566908975452,0.0,0.0006875008696020587,0.0,1.4566218431411834e-08
hybrid__k0_2,hybrid,k0_2,mixed_b,0.0,0.3,False,0.001,37.568504703262576,True,False,11.09755765099544,0.006246509342590465,0.4031963344645314,0.0,0.007982173789871658,186.13126260929428,0.0,1.2938357397063325,0.0,1.4971526195040838e-07
hybrid__k0_2,hybrid,k0_2,mixed_b,0.025,0.3,False,0.001584893192461114,1000000000.0,False,False,0.048589343001367524,0.0,0.0,0.0,0.0,0.0,0.0,0.0,0.0,1000000000.0
hybrid__k0_2,hybrid,k0_2,mixed_b,0.05,0.3,False,0.0025118864315095794,1000000000.0,False,False,0.03416712099715369,0.0,0.0,0.0,0.0,0.0,0.0,0.0,0.0,1000000000.0
hybrid__k0_2,hybrid,k0_2,mixed_b,0.07500000000000001,0.3,False,0.003981071705534973,1000000000.0,False,False,0.02834883199830074,0.0,0.0,0.0,0.0,0.0,0.0,0.0,0.0,1000000000.0
hybrid__k0_2,hybrid,k0_2,mixed_b,0.1,0.3,False,0.00630957344480193,1.7323200412132063,True,False,9.570372565998696,0.002897376215176734,0.5439232615033636,0.0,0.0004942591870794488,6.71704350113747,0.0,1.3972417236903527,0.0,8.433258969039324e-08
hybrid__k0_2,hybrid,k0_2,mixed_b,0.125,0.3,False,0.01,1000000000.0,False,False,0.03551444099866785,0.0,0.0,0.0,0.0,0.0,0.0,0.0,0.0,1000000000.0
hybrid__k0_2,hybrid,k0_2,mixed_b,0.15000000000000002,0.3,False,0.01584893192461114,1000000000.0,False,False,0.035238217998994514,0.0,0.0,0.0,0.0,0.0,0.0,0.0,0.0,1000000000.0
hybrid__k0_2,hybrid,k0_2,mixed_b,0.17500000000000002,0.3,False,0.025118864315095808,2.463386241540355,True,False,9.273226593002619,0.0008008036830129605,0.5527237264743856,0.0,0.0001384370023712784,10.795031462173135,0.0,0.9682367534720516,0.0,2.489681969019869e-08
hybrid__k0_2,hybrid,k0_2,mixed_b,0.2,0.3,False,0.039810717055349734,1000000000.0,False,False,0.030226595998101402,0.0,0.0,0.0,0.0,0.0,0.0,0.0,0.0,1000000000.0
hybrid__k0_2,hybrid,k0_2,mixed_b,0.225,0.3,False,0.06309573444801933,2.2161208349917554,True,False,9.29446043200005,0.0001884133798318852,0.38638562732689247,0.0,0.00023860380598181728,10.31720019677811,0.0,0.37659120180252253,0.0,1.318654391076152e-07
hybrid__k0_2,hybrid,k0_2,mixed_b,0.25,0.3,False,0.1,1.5851712857881994,True,False,9.375309874994855,8.373319566760395e-05,0.24301151473279395,0.0,0.00019571944297073124,7.536212694907005,0.0,0.14635275836588166,0.0,8.296678564657704e-09
hybrid__k0_2,hybrid,k0_2,mixed_b,0.275,0.3,False,0.15848931924611143,0.6491501134011192,True,False,9.42963893400156,2.6155095427889182e-05,0.08615266783122306,0.0,8.638248670971341e-05,3.1299554422520783,0.0,0.029529884856463847,0.0,3.448369313211663e-08
hybrid__k0_2,hybrid,k0_2,mixed_b,0.3,0.3,True,0.25118864315095796,0.0,True,False,8.929227394000918,0.0,0.0,0.0,0.0,0.0,0.0,0.0,0.0,0.0
hybrid__k0_2,hybrid,k0_2,mixed_b,0.325,0.3,False,0.3981071705534973,1.6215072367053924,True,False,9.024927094003942,6.210903903266856e-05,0.16413840397730403,0.0,0.00023875516747259298,7.924678413032043,0.0,0.01841847870384748,0.0,2.3607262532504072e-08
hybrid__k0_2,hybrid,k0_2,mixed_b,0.35000000000000003,0.3,False,0.6309573444801936,9.229625642583475,True,False,9.428331041999627,0.00037198320312479107,0.8505993831977696,0.0,0.001496503245476616,45.236937722139366,0.0,0.05872261424617482,0.0,6.885470326383241e-09
hybrid__k0_2,hybrid,k0_2,mixed_b,0.375,0.3,False,1.0,1000000000.0,False,False,0.03547389400046086,0.0,0.0,0.0,0.0,0.0,0.0,0.0,0.0,1000000000.0
hybrid__k0_2,hybrid,k0_2,mixed_b,0.4,0.3,False,1.584893192461114,58.34563109842709,True,False,8.868290465994505,0.001988665661069737,4.794991132667461,0.0,0.016848553977122132,286.760450454645,0.0,0.15387668518465436,0.0,8.554975648682346e-14
hybrid__k0_2,hybrid,k0_2,mixed_b,0.42500000000000004,0.3,False,2.5118864315095824,103.5132465315277,True,False,8.763781549998384,0.002884733380915487,8.146384223801995,0.0,0.0658645577017351,509.1502220111103,0.0,0.20087711933483868,0.0,1.2308745138138732e-08
hybrid__k0_2,hybrid,k0_2,mixed_b,0.45,0.3,False,3.981071705534973,161.11171862887346,True,False,8.558760304993484,0.004489349174934526,11.83735906522909,0.0,0.2029229109179682,793.2632832160365,0.0,0.2505385915748939,0.0,1.1433877517001881e-08
hybrid__k0_2,hybrid,k0_2,mixed_b,0.47500000000000003,0.3,False,6.309573444801936,228.27987722985253,True,False,7.895402931993885,0.007904092408402863,15.815429266465895,0.0,0.300859262844688,1124.9578501492515,0.0,0.31734336596138374,0.0,1.2330830409063056e-08
hybrid__k0_2,hybrid,k0_2,mixed_b,0.5,0.3,False,10.0,301.27718190150335,True,False,8.280180702000507,0.01252836784769245,20.154890890142205,0.0,0.2611314613818525,1485.5434708336472,0.0,0.41388794376330246,0.0,1.0734552458294273e-08
hybrid__k0_2,hybrid,k0_2,mixed_b,0.525,0.3,False,15.848931924611142,376.631560281705,True,False,8.200795215998369,0.01696538749197739,24.4659159722547,0.0,0.22891378692288514,1857.9137652591312,0.0,0.5322409238185397,0.0,7.890564197567262e-08
hybrid__k0_2,hybrid,k0_2,mixed_b,0.55,0.3,False,25.11886431509582,1000000000.0,False,False,0.026506509995670058,0.0,0.0,0.0,0.0,0.0,0.0,0.0,0.0,1000000000.0
hybrid__k0_2,hybrid,k0_2,mixed_b,0.5750000000000001,0.3,False,39.81071705534978,519.3387738534592,True,False,8.161440969997784,0.01891555608514222,31.112494207379047,0.0,0.187271369037094,2564.567546059264,0.0,0.8076420110339785,0.0,6.44966153336695e-08
hybrid__k0_2,hybrid,k0_2,mixed_b,0.6000000000000001,0.3,False,63.09573444801943,576.6435781558578,True,False,8.246237280996866,0.01773907408019043,33.00531465455933,0.0,0.17403463683538578,2849.072049652086,0.0,0.9487527609147579,0.0,8.130962438441553e-10
hybrid__k0_2,hybrid,k0_2,mixed_b,0.625,0.3,False,100.0,1000000000.0,False,False,0.030062383004406,0.0,0.0,0.0,0.0,0.0,0.0,0.0,0.0,1000000000.0
hybrid__k0_2,hybrid,k0_2,mixed_b,0.65,0.3,False,158.48931924611142,648.0424678859392,True,False,9.010966665002343,0.015734217141928162,34.69816276945764,0.0,0.1588218016806169,3204.1768027817507,0.0,1.1628178291341444,0.0,3.053148089987289e-08
hybrid__k0_2,hybrid,k0_2,mixed_b,0.675,0.3,False,251.18864315095823,666.0143142466793,True,False,9.023518228001194,0.017604809944998218,34.99969541718174,0.0,0.15502773346670176,3293.6548110368285,0.0,1.2444322359562348,0.0,1.829356650569847e-11
hybrid__k0_2,hybrid,k0_2,mixed_b,0.7000000000000001,0.3,False,398.1071705534977,1000000000.0,False,False,0.027968882001005113,0.0,0.0,0.0,0.0,0.0,0.0,0.0,0.0,1000000000.0
hybrid__k0_2,hybrid,k0_2,mixed_b,0.7250000000000001,0.3,False,630.9573444801943,683.1682351019512,True,False,8.889791775000049,0.013454817258261791,35.23032715444475,0.0,0.15121621111105368,3379.1112959386674,0.0,1.3348813432689761,0.0,4.500541292913353e-08
hybrid__k0_2,hybrid,k0_2,mixed_b,0.75,0.3,False,1000.0,686.9269390183096,True,False,9.157436394001707,0.013011859211585364,35.27145112047244,0.0,0.15031528823301252,3397.8424471131616,0.0,1.3574694818418838,0.0,2.2862763333215195e-07
hybrid__k0_2,hybrid,k0_2,mixed_b,0.775,0.3,False,1584.893192461114,689.1834699672243,True,False,9.553214401996229,0.014156746783327593,35.29427090521707,0.0,0.14975372663727726,3409.0875772252643,0.0,1.371591227534335,0.0,4.684906310069603e-09
hybrid__k0_2,hybrid,k0_2,mixed_b,0.8,0.3,False,2511.886431509582,690.5535670396006,True,False,9.523246035001648,0.01560933662200173,35.30783640400533,0.0,0.14940251226769316,3415.9146285561446,0.0,1.3803578175162352,0.0,5.71447172943309e-07
hybrid__k0_2,hybrid,k0_2,mixed_b,0.8250000000000001,0.3,False,3981.0717055349774,691.3872316613788,True,False,9.374650058998668,0.016962344159813014,35.31526871959041,0.0,0.14918346148962705,3420.0689445211246,0.0,1.3857978752530347,0.0,1.385276282681248e-06
hybrid__k0_2,hybrid,k0_2,mixed_b,0.8500000000000001,0.3,False,6309.573444801943,691.9026834408543,True,False,9.71708524999849,0.018136426503283704,35.319564235359266,0.0,0.14904831981947905,3422.6374236357706,0.0,1.3892402668981632,0.0,4.3199206945785614e-06
hybrid__k0_2,hybrid,k0_2,mixed_b,0.875,0.3,False,10000.0,692.2214874182079,True,False,10.057669652000186,0.018994780737414223,35.32212800710587,0.0,0.1489616386719451,3424.225955695382,0.0,1.3913909284942745,0.0,6.0406479713059295e-06
hybrid__k0_2,hybrid,k0_2,mixed_b,0.9,0.3,False,15848.93192461114,692.421129582981,True,False,9.861984110997582,0.01957643682148908,35.323477997959266,0.0,0.14890833416285312,3425.2209364148425,0.0,1.3927431796788738,0.0,5.551440160704568e-06
hybrid__k0_2,hybrid,k0_2,mixed_b,0.925,0.3,False,25118.864315095823,692.5451413657183,True,False,10.263502276000509,0.01996218181913845,35.32445642408121,0.0,0.14887247712649507,3425.838812652957,0.0,1.3935959860958635,0.0,7.106511994022385e-06
hybrid__k0_2,hybrid,k0_2,mixed_b,0.9500000000000001,0.3,False,39810.71705534977,692.6286000656193,True,False,10.08945347599365,0.020214038208997795,35.32529636067003,0.0,0.14885176662491278,3426.2545069924963,0.0,1.394124326447278,0.0,6.8436490618508785e-06
hybrid__k0_2,hybrid,k0_2,mixed_b,0.9750000000000001,0.3,False,63095.73444801943,1000000000.0,False,False,0.028338033000181895,0.0,0.0,0.0,0.0,0.0,0.0,0.0,0.0,1000000000.0
hybrid__k0_2,hybrid,k0_2,mixed_b,1.0,0.3,False,100000.0,692.7251915200236,True,False,10.166879349999363,0.020474613398281907,35.326929442527316,0.0,0.14883153672642785,3426.735018818599,0.0,1.3946952481637487,0.0,7.940703391302769e-06
hybrid__k0_3,hybrid,k0_3,mixed_b,0.0,0.65,False,0.001,109.81671763824711,True,True,9.32286155300244,339.3816099883944,10.822015529747915,0.0,0.12643992610405627,95.05293424964862,0.0,3.7005884973406458,0.0,100.0
hybrid__k0_3,hybrid,k0_3,mixed_b,0.025,0.65,False,0.001584893192461114,109.5304994510655,True,True,9.145299483003328,338.7211310928335,10.821842106595755,0.0,0.12642621629879106,95.0535509882585,0.0,2.929546851341014,0.0,100.0
hybrid__k0_3,hybrid,k0_3,mixed_b,0.05,0.65,False,0.0025118864315095794,109.40676540724988,True,True,8.951309404998028,338.04884159610833,10.821727294558727,0.0,0.12642439716164844,95.05412083100735,0.0,2.982712917413264,0.0,100.0
hybrid__k0_3,hybrid,k0_3,mixed_b,0.07500000000000001,0.65,False,0.003981071705534973,109.0832889091774,True,True,9.420999543996004,336.68537352835267,10.821613256450561,0.0,0.12642021664462005,95.05404694918568,0.0,2.7289905952534084,0.0,100.0
hybrid__k0_3,hybrid,k0_3,mixed_b,0.1,0.65,False,0.00630957344480193,108.72016660551712,True,True,8.804657020002196,334.734029084389,10.821284342434762,0.0,0.12640788579807685,95.04936801586263,0.0,2.8697436991012153,0.0,100.0
hybrid__k0_3,hybrid,k0_3,mixed_b,0.125,0.65,False,0.01,108.05042590256748,True,True,8.84317131699936,331.6454149416576,10.820874813512456,0.0,0.1263921992494321,95.04944047642583,0.0,2.610007081992158,0.0,100.0
hybrid__k0_3,hybrid,k0_3,mixed_b,0.15000000000000002,0.65,False,0.01584893192461114,107.02028370150128,True,True,8.598613103997195,326.73942943073575,10.820000224299157,0.0,0.12635433936847046,95.03836691983429,0.0,2.377267593268712,0.0,100.0
hybrid__k0_3,hybrid,k0_3,mixed_b,0.17500000000000002,0.65,False,0.025118864315095808,105.49581949438004,True,True,8.337584548004088,319.10361838869704,10.818925692923843,0.0,0.12631417296784797,95.03050679581705,0.0,2.3997324214943556,0.0,100.0
hybrid__k0_3,hybrid,k0_3,mixed_b,0.2,0.65,False,0.039810717055349734,103.13003434575964,True,True,7.980976802005898,307.41051280093814,10.816974955018573,0.0,0.1262363742017752,95.01504041874952,0.0,2.2814071798902917,0.0,100.0
hybrid__k0_3,hybrid,k0_3,mixed_b,0.225,0.65,False,0.06309573444801933,99.55454025406732,True,True,7.943122546996165,289.6413850633525,10.81402682692278,0.0,0.12611962804161256,94.98979912368429,0.0,2.2013706283353933,0.0,100.0
hybrid__k0_3,hybrid,k0_3,mixed_b,0.25,0.65,False,0.1,94.37025495966238,True,True,7.562483663998137,263.8548771118383,10.809235072308553,0.0,0.12593049131911174,94.94454163640773,0.0,2.1166904864381837,0.0,100.0
hybrid__k0_3,hybrid,k0_3,mixed_b,0.275,0.65,False,0.15848931924611143,87.27291675972079,True,True,7.31066441800067,228.56089177658254,10.801669794313556,0.0,0.1256335891933902,94.8772279627857,0.0,1.999160675728734,0.0,100.0
hybrid__k0_3,hybrid,k0_3,mixed_b,0.30000000000000004,0.65,False,0.25118864315095824,78.80270259713117,True,True,7.4148673719973885,186.42517808454514,10.789759412537734,0.0,0.1251611340611438,94.76874556389886,0.0,1.9046687906129467,0.0,100.0
hybrid__k0_3,hybrid,k0_3,mixed_b,0.325,0.65,False,0.3981071705534973,72.0076444405619,True,True,7.47287447299459,152.73928170424628,10.77091251340099,0.0,0.12441709515762059,94.59525706541669,0.0,1.8083538245879376,0.0,100.0
hybrid__k0_3,hybrid,k0_3,mixed_b,0.35000000000000003,0.65,False,0.6309573444801936,54.865254423623284,True,True,7.645496336001088,67.44982197814598,10.74086684166466,0.0,0.12324178255131397,94.31624638643237,0.0,1.6960951293220998,0.0,100.0
hybrid__k0_3,hybrid,k0_3,mixed_b,0.375,0.65,False,1.0,47.87419771420322,True,True,7.340024285993422,33.11447948808552,10.693186696922185,0.0,0.12138408189777304,93.86942141542633,0.0,1.572516888684274,0.0,100.0
hybrid__k0_3,hybrid,k0_3,mixed_b,0.4,0.65,False,1.584893192461114,44.90819083249711,True,True,7.619785361006507,19.22854503606024,10.617272382167837,0.0,0.11845913622921689,93.13868900559498,0.0,1.4379886024332673,0.0,100.0
hybrid__k0_3,hybrid,k0_3,mixed_b,0.42500000000000004,0.65,False,2.5118864315095824,43.44278056633752,True,True,7.648249521000253,13.373217006250442,10.496665643217892,0.0,0.11388663156182229,91.94461705042261,0.0,1.2855165002348223,0.0,100.0
hybrid__k0_3,hybrid,k0_3,mixed_b,0.45,0.65,False,3.981071705534973,42.418263988698904,True,True,7.44061689699447,10.583623977847965,10.304038241016324,0.0,0.10676814398944157,89.98363015873609,0.0,1.1132594219046965,0.0,100.0
hybrid__k0_3,hybrid,k0_3,mixed_b,0.47500000000000003,0.65,False,6.309573444801936,41.3350559953977,True,True,7.344277248994331,8.852495723511161,9.996855997107657,0.0,0.09585816290598587,86.79825679939063,0.0,0.9318132940730995,0.0,100.0
hybrid__k0_3,hybrid,k0_3,mixed_b,0.5,0.65,False,10.0,39.88910271912364,True,True,7.280126612997265,7.369575083384603,9.506892230268539,0.0,0.07967665720960902,81.74233018658614,0.0,0.7470394381692916,0.0,100.0
hybrid__k0_3,hybrid,k0_3,mixed_b,0.525,0.65,False,15.848931924611142,17.83950629981943,True,False,7.644714646994544,5.845276747586565,8.730366037139545,0.0,0.057574513302807225,73.9990252204553,0.0,0.5652888617874304,0.0,1.1882549141565695e-07
hybrid__k0_3,hybrid,k0_3,mixed_b,0.55,0.65,False,25.11886431509582,14.976718657245081,True,False,7.737074055003177,4.245706897514802,7.526778977186538,0.0,0.032887180670557584,62.68288068869322,0.0,0.3953395387584542,0.0,3.4018389047213893e-09
hybrid__k0_3,hybrid,k0_3,mixed_b,0.5750000000000001,0.65,False,39.81071705534978,11.188200059359405,True,False,7.503529465000611,2.673573508792428,5.771090479539721,0.0,0.013780795058282178,47.23959631748498,0.0,0.24295916986375388,0.0,2.605785409952098e-08
hybrid__k0_3,hybrid,k0_3,mixed_b,0.6000000000000001,0.65,False,63.09573444801943,6.654512472461732,True,False,7.544663857996056,1.3081148063589296,3.512692827250905,0.0,0.004123543521929711,28.329643659078748,0.0,0.11798749178630916,0.0,3.431183906681157e-08
hybrid__k0_3,hybrid,k0_3,mixed_b,0.625,0.65,False,100.0,2.229482408422706,True,False,7.301143577999028,0.35381341832590774,1.2029853855418478,0.0,0.0006886178877383921,9.557998578507059,0.0,0.03192602713539988,0.0,1.471557662846264e-08
hybrid__k0_3,hybrid,k0_3,mixed_b,0.65,0.65,True,158.48931924611142,0.0,True,False,7.567520300995966,0.0,0.0,0.0,0.0,0.0,0.0,0.0,0.0,0.0
hybrid__k0_3,hybrid,k0_3,mixed_b,0.675,0.65,False,251.18864315095823,3.9080998435505743,True,False,7.620966715003306,0.395304733349768,2.236240315343562,0.0,0.0003364483123406434,16.873354440898,0.0,0.035263277651403,0.0,2.1977967261739523e-09
hybrid__k0_3,hybrid,k0_3,mixed_b,0.7000000000000001,0.65,False,398.1071705534977,20.199267421061524,True,False,7.501910604994919,1.6375824930857819,12.087641660130512,0.0,0.0009858748008256658,87.12935984893068,0.0,0.14076685465569863,0.0,3.7370411879976885e-07
hybrid__k0_3,hybrid,k0_3,mixed_b,0.7250000000000001,0.65,False,630.9573444801943,57.515752454210556,True,False,7.57254372099851,3.772886199592314,36.44453138027935,0.0,0.0016698674967923835,247.05149140368857,0.0,0.3081826825531641,0.0,7.374425976675397e-07
hybrid__k0_3,hybrid,k0_3,mixed_b,0.75,0.65,False,1000.0,126.75514810065252,True,False,7.654671768999833,6.803036136732715,85.95977418817694,0.0,0.002290732673545253,540.4840158080599,0.0,0.5266213820605983,0.0,2.2555588314404227e-06
hybrid__k0_3,hybrid,k0_3,mixed_b,0.775,0.65,False,1584.893192461114,240.9832664932745,True,False,7.675281472998904,10.698439274574472,176.19721477870198,0.0,0.002825160261933032,1017.2288226668873,0.0,0.7890269393296595,0.0,3.6466172227115093e-06
hybrid__k0_3,hybrid,k0_3,mixed_b,0.8,0.65,False,2511.886431509582,415.5595379540705,True,False,7.6603052749997005,15.411210139328956,328.74719758046547,0.0,0.0032779091580871678,1732.539966903541,0.0,1.0960330610564077,0.0,4.176802653755668e-06
hybrid__k0_3,hybrid,k0_3,mixed_b,0.8250000000000001,0.65,False,3981.0717055349774,668.164264598432,True,False,7.3402759630043874,20.891165831879114,572.1065115436143,0.0,0.0036624118646714637,2746.3311881077216,0.0,1.4887869743378397,0.0,8.122742607067945e-06
hybrid__k0_3,hybrid,k0_3,mixed_b,0.8500000000000001,0.65,False,6309.573444801943,1018.2732397403255,True,False,7.722334050995414,27.100114143566564,942.0876916647735,0.0,0.003993201394862202,4120.339625610442,0.0,1.8347644289018674,0.0,9.652548454343298e-06
hybrid__k0_3,hybrid,k0_3,mixed_b,0.875,0.65,False,10000.0,1484.5246246139843,True,False,7.340304858000309,34.021674581705234,1481.40833250249,0.0,0.004283022115989402,5904.78190382559,0.0,2.4069235740766377,0.0,5.56394368682963e-06
hybrid__k0_3,hybrid,k0_3,mixed_b,0.9,0.65,False,15848.93192461114,2080.664539801848,True,False,7.447914978001791,41.65888332487805,2238.2028092921914,0.0,0.004542482216515204,8120.216663506462,0.0,3.2392075334088606,0.0,0.000592870085315643
hybrid__k0_3,hybrid,k0_3,mixed_b,0.925,0.65,False,25118.864315095823,2824.3829428799004,True,False,7.5584532899956685,50.02552317619781,3263.0324845230607,0.0,0.004780143017537803,10804.77125629115,0.0,4.0753257368947,0.0,0.0053445291806689735
hybrid__k0_3,hybrid,k0_3,mixed_b,0.9500000000000001,0.65,False,39810.71705534977,3748.487376579531,True,True,7.925662927998928,59.12176727657031,4604.11928041631,0.0,0.005002993509923768,13974.261620762461,0.0,4.929211448803349,0.0,100.0
hybrid__k0_3,hybrid,k0_3,mixed_b,0.9750000000000001,0.65,False,63095.73444801943,4817.913208872001,True,True,7.608332542993594,68.91002078473007,6300.50960758246,0.0,0.005216927321730177,17614.297940023018,0.0,5.843259042469768,0.0,100.0
hybrid__k0_3,hybrid,k0_3,mixed_b,1.0,0.65,False,100000.0,6047.954758078386,True,True,7.5110601790001965,79.28492161782938,8373.084098389316,0.0,0.005426732730698623,21680.543586505206,0.0,6.855757146849739,0.0,100.0
legacy__G_O,legacy,G_O,mixed_b,0.0,0.4000000000000001,False,2.2,113.96073486996211,True,True,5.556363984003838,270.5211562966281,199.2825180531825,0.0,0.0,0.0,0.0,0.0,0.0,100.0
legacy__G_O,legacy,G_O,mixed_b,0.025,0.4000000000000001,False,2.23,112.46250117695472,True,True,5.674156753004354,266.72845620956696,195.58404967520664,0.0,0.0,0.0,0.0,0.0,0.0,100.0
legacy__G_O,legacy,G_O,mixed_b,0.05,0.4000000000000001,False,2.2600000000000002,109.96411028703089,True,True,5.615840061000199,258.87435150422255,190.9461999309319,0.0,0.0,0.0,0.0,0.0,0.0,100.0
legacy__G_O,legacy,G_O,mixed_b,0.07500000000000001,0.4000000000000001,False,2.29,1000000000.0,False,False,5.377124147002178,0.0,0.0,0.0,0.0,0.0,0.0,0.0,0.0,1000000000.0
legacy__G_O,legacy,G_O,mixed_b,0.1,0.4000000000000001,False,2.3200000000000003,99.4575603193695,True,True,5.846963000003598,220.32758181853785,176.96021977830972,0.0,0.0,0.0,0.0,0.0,0.0,100.0
legacy__G_O,legacy,G_O,mixed_b,0.125,0.4000000000000001,False,2.35,89.81577398688131,True,True,6.056114417006029,183.2534011833252,165.82546875108136,0.0,0.0,0.0,0.0,0.0,0.0,100.0
legacy__G_O,legacy,G_O,mixed_b,0.15000000000000002,0.4000000000000001,False,2.3800000000000003,76.52020586050868,True,True,6.236506166998879,132.7191340127036,149.8818952898398,0.0,0.0,0.0,0.0,0.0,0.0,100.0
legacy__G_O,legacy,G_O,mixed_b,0.17500000000000002,0.4000000000000001,False,2.41,62.9131610801554,True,True,6.3117526229980285,86.40637921661079,128.1594261841662,0.0,0.0,0.0,0.0,0.0,0.0,100.0
legacy__G_O,legacy,G_O,mixed_b,0.2,0.4000000000000001,False,2.44,47.97761898259234,True,True,6.185329636995448,35.89951846118027,103.98857645178143,0.0,0.0,0.0,0.0,0.0,0.0,100.0
legacy__G_O,legacy,G_O,mixed_b,0.225,0.4000000000000001,False,2.47,37.196987842250735,True,True,6.405756703999941,17.89358248360444,68.09135672764924,0.0,0.0,0.0,0.0,0.0,0.0,100.0
legacy__G_O,legacy,G_O,mixed_b,0.25,0.4000000000000001,False,2.5,31.80134587403868,True,True,6.853891630998987,11.471958566254076,47.53477080393932,0.0,0.0,0.0,0.0,0.0,0.0,100.0
legacy__G_O,legacy,G_O,mixed_b,0.275,0.4000000000000001,False,2.5300000000000002,28.602122100655084,True,True,7.0909065489977365,8.41346758738139,34.59714291589404,0.0,0.0,0.0,0.0,0.0,0.0,100.0
legacy__G_O,legacy,G_O,mixed_b,0.30000000000000004,0.4000000000000001,False,2.56,6.346132460562246,True,False,7.607602928001143,6.14225474370706,25.588407113915604,0.0,0.0,0.0,0.0,0.0,0.0,4.4518856392212475e-07
legacy__G_O,legacy,G_O,mixed_b,0.325,0.4000000000000001,False,2.59,4.349970214545988,True,False,7.718744712001353,3.9900306261324068,17.759820113150553,0.0,0.0,0.0,0.0,0.0,0.0,3.334469812665155e-07
legacy__G_O,legacy,G_O,mixed_b,0.35000000000000003,0.4000000000000001,False,2.62,2.3675189186332948,True,False,8.331864977997611,2.0183086159585435,9.819285882981504,0.0,0.0,0.0,0.0,0.0,0.0,9.422642543841633e-08
legacy__G_O,legacy,G_O,mixed_b,0.375,0.4000000000000001,False,2.65,0.6757904363396388,True,False,8.287000420998083,0.5604840239106994,2.818468154180806,0.0,0.0,0.0,0.0,0.0,0.0,3.6066883927496705e-09
legacy__G_O,legacy,G_O,mixed_b,0.4000000000000001,0.4000000000000001,True,2.68,0.0,True,False,8.688797294002143,0.0,0.0,0.0,0.0,0.0,0.0,0.0,0.0,0.0
legacy__G_O,legacy,G_O,mixed_b,0.42500000000000004,0.4000000000000001,False,2.71,0.8442785896302947,True,False,9.370010376995197,0.6428137325387455,3.578579138330034,0.0,0.0,0.0,0.0,0.0,0.0,7.72826942438027e-08
legacy__G_O,legacy,G_O,mixed_b,0.45,0.4000000000000001,False,2.74,3.4714214010161,True,False,9.690744412997446,2.6676431414681443,14.689457251255885,0.0,0.0,0.0,0.0,0.0,0.0,6.612356471174531e-06
legacy__G_O,legacy,G_O,mixed_b,0.47500000000000003,0.4000000000000001,False,2.77,7.950990752572383,True,False,10.268233228001918,6.119253388237174,33.63564214321922,0.0,0.0,0.0,0.0,0.0,0.0,5.823140551853028e-05
legacy__G_O,legacy,G_O,mixed_b,0.5,0.4000000000000001,False,2.8,13.625267945875033,True,False,10.624046454002382,10.910816194753707,57.21536504184356,0.0,0.0,0.0,0.0,0.0,0.0,0.00015849277790418162
legacy__G_O,legacy,G_O,mixed_b,0.525,0.4000000000000001,False,2.83,20.554228440002692,True,False,10.532361987003242,16.78043430792198,85.98687006003576,0.0,0.0,0.0,0.0,0.0,0.0,0.0038378320557231416
legacy__G_O,legacy,G_O,mixed_b,0.55,0.4000000000000001,False,2.8600000000000003,28.508026601586447,True,False,11.481097686002613,23.063589190850387,119.39494822143826,0.0,0.0,0.0,0.0,0.0,0.0,0.08159559564358149
legacy__G_O,legacy,G_O,mixed_b,0.5750000000000001,0.4000000000000001,False,2.89,33.02296370089453,True,False,11.682888589995855,28.169464443290458,136.52643431090002,0.0,0.0,0.0,0.0,0.0,0.0,0.4189197502821983
legacy__G_O,legacy,G_O,mixed_b,0.6000000000000001,0.4000000000000001,False,2.92,34.411742333462264,True,False,11.655870522998157,29.607994431796698,141.88807905047742,0.0,0.0,0.0,0.0,0.0,0.0,0.5626381850371945
legacy__G_O,legacy,G_O,mixed_b,0.625,0.4000000000000001,False,2.95,33.246432468838336,True,False,11.898194576002425,26.444580622677407,139.4518289624219,0.0,0.0,0.0,0.0,0.0,0.0,0.3357527590923544
legacy__G_O,legacy,G_O,mixed_b,0.65,0.4000000000000001,False,2.98,29.909218020163422,True,False,12.387428515998181,20.647312490342735,128.61805503039974,0.0,0.0,0.0,0.0,0.0,0.0,0.2807225800746433
legacy__G_O,legacy,G_O,mixed_b,0.675,0.4000000000000001,False,3.01,25.584567493824295,True,False,12.813088609997067,14.436198373658762,113.46977335433013,0.0,0.0,0.0,0.0,0.0,0.0,0.01686574113259297
legacy__G_O,legacy,G_O,mixed_b,0.7000000000000001,0.4000000000000001,False,3.04,21.2204053012641,True,False,12.641937476997555,8.948113993731372,97.149052997573,0.0,0.0,0.0,0.0,0.0,0.0,0.004859515016130993
legacy__G_O,legacy,G_O,mixed_b,0.7250000000000001,0.4000000000000001,False,3.0700000000000003,17.221023250449935,True,False,12.193887894994987,4.652552913543687,81.45232558193213,0.0,0.0,0.0,0.0,0.0,0.0,0.00023775677385933842
legacy__G_O,legacy,G_O,mixed_b,0.75,0.4000000000000001,False,3.1,14.602027031489081,True,False,12.271026065995102,1.7402183605385106,71.26686369229114,0.0,0.0,0.0,0.0,0.0,0.0,0.0030531046157537653
legacy__G_O,legacy,G_O,mixed_b,0.775,0.4000000000000001,False,3.13,14.111027818305265,True,False,12.390421998999955,0.2508225914998572,70.30218440797672,0.0,0.0,0.0,0.0,0.0,0.0,0.002132092049752926
legacy__G_O,legacy,G_O,mixed_b,0.8,0.4000000000000001,False,3.16,15.791514842663398,True,False,12.555274281003221,0.08976724223519149,78.86774848559087,0.0,0.0,0.0,0.0,0.0,0.0,5.848549092421349e-05
legacy__G_O,legacy,G_O,mixed_b,0.8250000000000001,0.4000000000000001,False,3.19,20.178008026697917,True,False,12.379711747998954,1.0236213209987193,99.86641879402626,0.0,0.0,0.0,0.0,0.0,0.0,1.846462138372853e-08
legacy__G_O,legacy,G_O,mixed_b,0.8500000000000001,0.4000000000000001,False,3.2199999999999998,29.4288162434596,True,False,12.24640778900357,2.696510186014731,144.44757100458378,0.0,0.0,0.0,0.0,0.0,0.0,2.669950849743056e-08
legacy__G_O,legacy,G_O,mixed_b,0.875,0.4000000000000001,False,3.25,43.065023807427615,True,False,12.369518004998099,4.69397106802934,210.6311479251143,0.0,0.0,0.0,0.0,0.0,0.0,4.399444861205754e-08
legacy__G_O,legacy,G_O,mixed_b,0.9,0.4000000000000001,False,3.2800000000000002,55.166735896399885,True,False,12.445366890002333,6.658618640679755,269.1750606427671,0.0,0.0,0.0,0.0,0.0,0.0,1.985525305373881e-07
legacy__G_O,legacy,G_O,mixed_b,0.925,0.4000000000000001,False,3.31,79.55893702272174,True,True,12.166812178998953,8.446519730353783,289.3481653832549,0.0,0.0,0.0,0.0,0.0,0.0,100.0
legacy__G_O,legacy,G_O,mixed_b,0.9500000000000001,0.4000000000000001,False,3.34,83.32616996754179,True,True,12.111493980002706,10.329987163966896,306.300862673742,0.0,0.0,0.0,0.0,0.0,0.0,100.0
legacy__G_O,legacy,G_O,mixed_b,0.9750000000000001,0.4000000000000001,False,3.37,86.30120913663184,True,True,12.296374426005059,13.5096977951363,317.9963478880229,0.0,0.0,0.0,0.0,0.0,0.0,100.0
legacy__G_O,legacy,G_O,mixed_b,1.0,0.4000000000000001,False,3.4,89.39952982891927,True,True,12.207731636997778,21.780038837202692,325.2176103073936,0.0,0.0,0.0,0.0,0.0,0.0,100.0
legacy__G_OH,legacy,G_OH,mixed_b,0.0,0.5999999999999999,False,0.8,14.389787992784813,True,False,6.692817234994436,6.55336149109006,65.39557831984825,0.0,0.0,0.0,0.0,0.0,0.0,1.529857415500456e-07
legacy__G_OH,legacy,G_OH,mixed_b,0.025,0.5999999999999999,False,0.8250000000000001,12.69868287584915,True,False,6.952266302003409,4.990993778177472,58.50242055704665,0.0,0.0,0.0,0.0,0.0,0.0,4.402163504035953e-08
legacy__G_OH,legacy,G_OH,mixed_b,0.05,0.5999999999999999,False,0.8500000000000001,10.923114335551038,True,False,7.61130959699949,3.33050785025615,51.28506324485241,0.0,0.0,0.0,0.0,0.0,0.0,5.826466312559793e-07
legacy__G_OH,legacy,G_OH,mixed_b,0.07500000000000001,0.5999999999999999,False,0.875,9.33751222661504,True,False,7.595678635996592,1.7864816271522967,44.90107719180964,0.0,0.0,0.0,0.0,0.0,0.0,2.314113256807852e-06
legacy__G_OH,legacy,G_OH,mixed_b,0.1,0.5999999999999999,False,0.9,8.247914091279828,True,False,7.835304603999248,0.6069216779326925,40.63264006682712,0.0,0.0,0.0,0.0,0.0,0.0,8.711639329104404e-06
legacy__G_OH,legacy,G_OH,mixed_b,0.125,0.5999999999999999,False,0.925,7.983613333553532,True,False,7.645612086002075,0.029861489487984456,39.88818465018378,0.0,0.0,0.0,0.0,0.0,0.0,2.0528095894961674e-05
legacy__G_OH,legacy,G_OH,mixed_b,0.15000000000000002,0.5999999999999999,False,0.9500000000000001,8.570614012406667,True,False,8.133739404001972,0.24844445683262117,42.60457208278545,0.0,0.0,0.0,0.0,0.0,0.0,5.3522415259206877e-05
legacy__G_OH,legacy,G_OH,mixed_b,0.17500000000000002,0.5999999999999999,False,0.9750000000000001,9.888894296300865,True,False,8.631978598001297,1.3916829778403443,48.05262843754536,0.0,0.0,0.0,0.0,0.0,0.0,0.00016006611861903118
legacy__G_OH,legacy,G_OH,mixed_b,0.2,0.5999999999999999,False,1.0,11.80256634303679,True,False,8.796050033997744,3.520992382200742,55.491216642278076,0.0,0.0,0.0,0.0,0.0,0.0,0.0006226907051329979
legacy__G_OH,legacy,G_OH,mixed_b,0.225,0.5999999999999999,False,1.0250000000000001,14.080862292880477,True,False,9.001559532996907,6.6324706822162,63.76916814729245,0.0,0.0,0.0,0.0,0.0,0.0,0.0026726348937346337
legacy__G_OH,legacy,G_OH,mixed_b,0.25,0.5999999999999999,False,1.05,16.450789399024828,True,False,9.314300060999813,10.657024326381654,71.58407269575176,0.0,0.0,0.0,0.0,0.0,0.0,0.012849972990720033
legacy__G_OH,legacy,G_OH,mixed_b,0.275,0.5999999999999999,False,1.0750000000000002,19.105209311639328,True,False,9.980088939002599,15.43751060378002,80.0285955562031,0.0,0.0,0.0,0.0,0.0,0.0,0.05994039821351994
legacy__G_OH,legacy,G_OH,mixed_b,0.30000000000000004,0.5999999999999999,False,1.1,22.326378938915425,True,False,9.76505787899805,20.64448647125689,90.78366168614511,0.0,0.0,0.0,0.0,0.0,0.0,0.20374653717512345
legacy__G_OH,legacy,G_OH,mixed_b,0.325,0.5999999999999999,False,1.125,25.973807569793316,True,False,9.914026129001286,25.58684062787009,103.84726024175546,0.0,0.0,0.0,0.0,0.0,0.0,0.43493697934100833
legacy__G_OH,legacy,G_OH,mixed_b,0.35000000000000003,0.5999999999999999,False,1.1500000000000001,29.282049537427667,True,False,10.11513013199874,29.0072240949904,116.77282248061695,0.0,0.0,0.0,0.0,0.0,0.0,0.630201111531007
legacy__G_OH,legacy,G_OH,mixed_b,0.375,0.5999999999999999,False,1.175,31.149886412756615,True,False,10.44927381099842,29.482776769495786,125.62793330795195,0.0,0.0,0.0,0.0,0.0,0.0,0.6387219863353557
legacy__G_OH,legacy,G_OH,mixed_b,0.4,0.5999999999999999,False,1.2000000000000002,30.727972012650277,True,False,10.385238587005006,26.748284000525487,126.5118122635555,0.0,0.0,0.0,0.0,0.0,0.0,0.37976379917039804
legacy__G_OH,legacy,G_OH,mixed_b,0.42500000000000004,0.5999999999999999,False,1.225,28.294559784290623,True,False,10.74515136500122,22.03908792278587,119.33293955148608,0.0,0.0,0.0,0.0,0.0,0.0,0.10077144718117013
legacy__G_OH,legacy,G_OH,mixed_b,0.45,0.5999999999999999,False,1.25,25.308572990320194,True,False,10.545154523999372,16.780233339628893,109.75705499609927,0.0,0.0,0.0,0.0,0.0,0.0,0.005576615872802328
legacy__G_OH,legacy,G_OH,mixed_b,0.47500000000000003,0.5999999999999999,False,1.2750000000000001,21.97899950719926,True,False,10.944511256995611,11.825589305412858,98.06939186234678,0.0,0.0,0.0,0.0,0.0,0.0,1.636823666188072e-05
legacy__G_OH,legacy,G_OH,mixed_b,0.5,0.5999999999999999,False,1.3,14.126676124276944,True,False,10.249722795997513,7.576010988229866,63.05732824515631,0.0,0.0,0.0,0.0,0.0,0.0,4.138799853681756e-05
legacy__G_OH,legacy,G_OH,mixed_b,0.525,0.5999999999999999,False,1.3250000000000002,7.151684390391705,True,False,10.71458131899999,4.2175141501014215,31.540890123040086,0.0,0.0,0.0,0.0,0.0,0.0,1.7678817015004576e-05
legacy__G_OH,legacy,G_OH,mixed_b,0.55,0.5999999999999999,False,1.35,2.8250106706074183,True,False,10.364558641995245,1.8336802226931939,12.291368679081744,0.0,0.0,0.0,0.0,0.0,0.0,4.4512621532448225e-06
legacy__G_OH,legacy,G_OH,mixed_b,0.5750000000000001,0.5999999999999999,False,1.375,0.7281033402849002,True,False,9.595991581001726,0.4427920740134616,3.1977240990694766,0.0,0.0,0.0,0.0,0.0,0.0,5.283415627458344e-07
legacy__G_OH,legacy,G_OH,mixed_b,0.5999999999999999,0.5999999999999999,True,1.4,0.0,True,False,9.740550975999213,0.0,0.0,0.0,0.0,0.0,0.0,0.0,0.0,0.0
legacy__G_OH,legacy,G_OH,mixed_b,0.625,0.5999999999999999,False,1.425,0.5669021977176405,True,False,8.810161442001117,0.3947682876335571,2.439742680022065,0.0,0.0,0.0,0.0,0.0,0.0,2.093258061420328e-08
legacy__G_OH,legacy,G_OH,mixed_b,0.65,0.5999999999999999,False,1.4500000000000002,1.9895765833924333,True,False,8.873649501998443,1.4526146008979826,8.495268017423214,0.0,0.0,0.0,0.0,0.0,0.0,2.9864097046673406e-07
legacy__G_OH,legacy,G_OH,mixed_b,0.675,0.5999999999999999,False,1.475,3.444684375634254,True,False,8.39402588399389,2.9538612645822955,14.26956044172728,0.0,0.0,0.0,0.0,0.0,0.0,1.7186169187120803e-07
legacy__G_OH,legacy,G_OH,mixed_b,0.7000000000000001,0.5999999999999999,False,1.5,4.499731705443153,True,False,8.329797894002695,4.67369154855999,17.824966977022562,0.0,0.0,0.0,0.0,0.0,0.0,1.6332161784954416e-09
legacy__G_OH,legacy,G_OH,mixed_b,0.7250000000000001,0.5999999999999999,False,1.5250000000000001,5.096877146323495,True,False,8.127347150002606,6.446175557272077,19.03821014863049,0.0,0.0,0.0,0.0,0.0,0.0,2.5714907020902863e-08
legacy__G_OH,legacy,G_OH,mixed_b,0.75,0.5999999999999999,False,1.55,25.712182027362694,True,True,7.832575804997759,8.267664763605827,20.29324537320765,0.0,0.0,0.0,0.0,0.0,0.0,100.0
legacy__G_OH,legacy,G_OH,mixed_b,0.775,0.5999999999999999,False,1.5750000000000002,28.53623921893012,True,True,7.800161767001555,10.450851287505504,32.23034480714509,0.0,0.0,0.0,0.0,0.0,0.0,100.0
legacy__G_OH,legacy,G_OH,mixed_b,0.8,0.5999999999999999,False,1.6,34.55024643220065,True,True,7.944258376002836,13.984645796937844,58.76658636406541,0.0,0.0,0.0,0.0,0.0,0.0,100.0
legacy__G_OH,legacy,G_OH,mixed_b,0.8250000000000001,0.5999999999999999,False,1.625,42.985525319607945,True,True,7.712764656993386,21.392919620098986,93.53470697794074,0.0,0.0,0.0,0.0,0.0,0.0,100.0
legacy__G_OH,legacy,G_OH,mixed_b,0.8500000000000001,0.5999999999999999,False,1.6500000000000001,1000000000.0,False,False,0.02946971500205109,0.0,0.0,0.0,0.0,0.0,0.0,0.0,0.0,1000000000.0
legacy__G_OH,legacy,G_OH,mixed_b,0.875,0.5999999999999999,False,1.675,62.40516342322444,True,True,7.2529459959987435,82.10625755255879,129.91955956356338,0.0,0.0,0.0,0.0,0.0,0.0,100.0
legacy__G_OH,legacy,G_OH,mixed_b,0.9,0.5999999999999999,False,1.7000000000000002,1000000000.0,False,False,0.030021179001778364,0.0,0.0,0.0,0.0,0.0,0.0,0.0,0.0,1000000000.0
legacy__G_OH,legacy,G_OH,mixed_b,0.925,0.5999999999999999,False,1.725,84.95393773362564,True,True,7.596908240004268,174.6083167997072,150.16137186842096,0.0,0.0,0.0,0.0,0.0,0.0,100.0
legacy__G_OH,legacy,G_OH,mixed_b,0.9500000000000001,0.5999999999999999,False,1.75,94.86811994711418,True,True,7.507086255995091,217.60810228868473,156.73249744688613,0.0,0.0,0.0,0.0,0.0,0.0,100.0
legacy__G_OH,legacy,G_OH,mixed_b,0.9750000000000001,0.5999999999999999,False,1.7750000000000001,103.19303119958848,True,True,7.723311316003674,253.55874753155507,162.4064084663873,0.0,0.0,0.0,0.0,0.0,0.0,100.0
legacy__G_OH,legacy,G_OH,mixed_b,1.0,0.5999999999999999,False,1.8,1000000000.0,False,False,0.03344131899939384,0.0,0.0,0.0,0.0,0.0,0.0,0.0,0.0,1000000000.0
legacy__k0_1,legacy,k0_1,mixed_b,0.0,0.7,False,0.001,6.3208478604831795,True,False,9.943615098003647,0.11225526065987437,31.49195214906714,0.0,0.0,0.0,0.0,0.0,0.0,3.189268888283621e-05
legacy__k0_1,legacy,k0_1,mixed_b,0.025,0.7,False,0.001584893192461114,5.435782654323272,True,False,10.350875416006602,0.05292274320582427,27.12597973204697,0.0,0.0,0.0,0.0,0.0,0.0,1.0796363566460267e-05
legacy__k0_1,legacy,k0_1,mixed_b,0.05,0.7,False,0.0025118864315095794,4.5184633699883054,True,False,10.205057023005793,0.02632447966281802,22.565984796204646,0.0,0.0,0.0,0.0,0.0,0.0,7.574074060890367e-06
legacy__k0_1,legacy,k0_1,mixed_b,0.07500000000000001,0.7,False,0.003981071705534973,3.634536223896723,True,False,9.690841641997395,0.015000854225734408,18.157675554103037,0.0,0.0,0.0,0.0,0.0,0.0,4.711154844995159e-06
legacy__k0_1,legacy,k0_1,mixed_b,0.1,0.7,False,0.00630957344480193,2.8918499867870935,True,False,9.801564724002674,0.010337548472776265,14.448910674461029,0.0,0.0,0.0,0.0,0.0,0.0,1.711001662757443e-06
legacy__k0_1,legacy,k0_1,mixed_b,0.125,0.7,False,0.01,2.371263049331536,True,False,9.703204664001532,0.00850539458725541,11.847809241622244,0.0,0.0,0.0,0.0,0.0,0.0,6.104481812744298e-07
legacy__k0_1,legacy,k0_1,mixed_b,0.15000000000000002,0.7,False,0.01584893192461114,2.0803749346721383,True,False,9.636506839000504,0.007851129038029103,10.394023428498498,0.0,0.0,0.0,0.0,0.0,0.0,1.1582416480042005e-07
legacy__k0_1,legacy,k0_1,mixed_b,0.17500000000000002,0.7,False,0.025118864315095808,1.9593089936534749,True,False,9.3869750859958,0.007689785035076318,9.788855176886365,0.0,0.0,0.0,0.0,0.0,0.0,6.345932768368042e-09
legacy__k0_1,legacy,k0_1,mixed_b,0.2,0.7,False,0.039810717055349734,1.9298132448308536,True,False,9.117724663003173,0.007703363287322306,9.641362847560359,0.0,0.0,0.0,0.0,0.0,0.0,1.3306586732634989e-08
legacy__k0_1,legacy,k0_1,mixed_b,0.225,0.7,False,0.06309573444801933,1.9335980782204163,True,False,9.119838182006788,0.007701907294489689,9.660288462326793,0.0,0.0,0.0,0.0,0.0,0.0,2.148079931054947e-08
legacy__k0_1,legacy,k0_1,mixed_b,0.25,0.7,False,0.1,1.9434371536833894,True,False,8.530537209000613,0.0075503641472770295,9.70963540377991,0.0,0.0,0.0,0.0,0.0,0.0,4.897594308996064e-10
legacy__k0_1,legacy,k0_1,mixed_b,0.275,0.7,False,0.15848931924611143,1.9574868371332463,True,False,8.767736933004926,0.007144830305799799,9.780289354678311,0.0,0.0,0.0,0.0,0.0,0.0,6.821211048710031e-10
legacy__k0_1,legacy,k0_1,mixed_b,0.30000000000000004,0.7,False,0.25118864315095824,1.9899646964384883,True,False,8.742340470998897,0.006475402270128557,9.943347931334053,0.0,0.0,0.0,0.0,0.0,0.0,1.4858825998127615e-07
legacy__k0_1,legacy,k0_1,mixed_b,0.325,0.7,False,0.3981071705534973,2.0631032671605545,True,False,8.978913836996071,0.00563361202202331,10.309882645927692,0.0,0.0,0.0,0.0,0.0,0.0,7.785305683662925e-08
legacy__k0_1,legacy,k0_1,mixed_b,0.35000000000000003,0.7,False,0.6309573444801936,2.1929303814201573,True,False,8.788097313001344,0.00470771605289824,10.959944190497358,0.0,0.0,0.0,0.0,0.0,0.0,5.50528340409873e-10
legacy__k0_1,legacy,k0_1,mixed_b,0.375,0.7,False,1.0,2.3422761021299054,True,False,8.845462731995212,0.0037360522184111495,11.707644417586696,0.0,0.0,0.0,0.0,0.0,0.0,4.084442103108445e-08
legacy__k0_1,legacy,k0_1,mixed_b,0.4,0.7,False,1.584893192461114,2.3615852844277976,True,False,8.547287517998484,0.0027655087435681487,11.805160898487259,0.0,0.0,0.0,0.0,0.0,0.0,1.4908159183519046e-08
legacy__k0_1,legacy,k0_1,mixed_b,0.42500000000000004,0.7,False,2.5118864315095824,1000000000.0,False,False,0.03480514099646825,0.0,0.0,0.0,0.0,0.0,0.0,0.0,0.0,1000000000.0
legacy__k0_1,legacy,k0_1,mixed_b,0.45,0.7,False,3.981071705534973,1.4587122589817345,True,False,8.85201467499428,0.001138040810604955,7.292423071256998,0.0,0.0,0.0,0.0,0.0,0.0,1.8284107038619152e-07
legacy__k0_1,legacy,k0_1,mixed_b,0.47500000000000003,0.7,False,6.309573444801936,0.890050600571642,True,False,8.966932780997013,0.0006110542612051082,4.449641680850106,0.0,0.0,0.0,0.0,0.0,0.0,2.677468982023636e-07
legacy__k0_1,legacy,k0_1,mixed_b,0.5,0.7,False,10.0,0.524969759795654,True,False,8.977693346001615,0.00028825352641739305,2.6245604924725754,0.0,0.0,0.0,0.0,0.0,0.0,5.2979276953376474e-08
legacy__k0_1,legacy,k0_1,mixed_b,0.525,0.7,False,15.848931924611142,0.37038187314271787,True,False,9.1475171389975,0.0001211943929248384,1.8517881465649626,0.0,0.0,0.0,0.0,0.0,0.0,2.4755701656339315e-08
legacy__k0_1,legacy,k0_1,mixed_b,0.55,0.7,False,25.11886431509582,0.20279963102654333,True,False,9.334885691998352,4.693959246190987e-05,1.013951177749874,0.0,0.0,0.0,0.0,0.0,0.0,3.779038091323973e-08
legacy__k0_1,legacy,k0_1,mixed_b,0.5750000000000001,0.7,False,39.81071705534978,0.06534849827602443,True,False,9.185373023996362,1.7651085073057476e-05,0.32672482370389777,0.0,0.0,0.0,0.0,0.0,0.0,1.6591151366866647e-08
legacy__k0_1,legacy,k0_1,mixed_b,0.6000000000000001,0.7,False,63.09573444801943,0.020823653388668543,True,False,9.475548827998864,7.2800255945030716e-06,0.10411097476661438,0.0,0.0,0.0,0.0,0.0,0.0,1.2151133833958861e-08
legacy__k0_1,legacy,k0_1,mixed_b,0.625,0.7,False,100.0,0.006293142374952314,True,False,9.48993526599952,3.5854851019537988e-06,0.03146205289390824,0.0,0.0,0.0,0.0,0.0,0.0,7.349575137513166e-08
legacy__k0_1,legacy,k0_1,mixed_b,0.65,0.7,False,158.48931924611142,0.0015569288332765107,True,False,9.872566366000683,1.4632097528965238e-06,0.007783171362850007,0.0,0.0,0.0,0.0,0.0,0.0,9.593779650109585e-09
legacy__k0_1,legacy,k0_1,mixed_b,0.675,0.7,False,251.18864315095823,0.00022042381125239222,True,False,9.384757462998095,3.096131808262288e-07,0.0011017550589779363,0.0,0.0,0.0,0.0,0.0,0.0,5.438410319869516e-08
legacy__k0_1,legacy,k0_1,mixed_b,0.7,0.7,True,398.1071705534969,0.0,True,False,9.516410787000495,0.0,0.0,0.0,0.0,0.0,0.0,0.0,0.0,0.0
legacy__k0_1,legacy,k0_1,mixed_b,0.7250000000000001,0.7,False,630.9573444801943,8.096057724551431e-05,True,False,9.736326749996806,1.804136346476907e-07,0.0004045382739290321,0.0,0.0,0.0,0.0,0.0,0.0,8.419866389177965e-08
legacy__k0_1,legacy,k0_1,mixed_b,0.75,0.7,False,1000.0,0.0002087405491578075,True,False,9.836125045003428,4.414890507278449e-07,0.0010432436497784404,0.0,0.0,0.0,0.0,0.0,0.0,1.7606959869370222e-08
legacy__k0_1,legacy,k0_1,mixed_b,0.775,0.7,False,1584.893192461114,0.0003169878178496052,True,False,9.807111707996228,6.898362281424293e-07,0.0015842454125601902,0.0,0.0,0.0,0.0,0.0,0.0,3.840459693495006e-09
legacy__k0_1,legacy,k0_1,mixed_b,0.8,0.7,False,2511.886431509582,0.00039587922445661234,True,False,10.010198224001215,8.604353960874032e-07,0.0019784791713124334,0.0,0.0,0.0,0.0,0.0,0.0,5.651557454097306e-08
legacy__k0_1,legacy,k0_1,mixed_b,0.8250000000000001,0.7,False,3981.0717055349774,0.0004487806744543024,True,False,10.226525959005812,9.72147492585566e-07,0.00224281356667057,0.0,0.0,0.0,0.0,0.0,0.0,1.1765810835664968e-07
legacy__k0_1,legacy,k0_1,mixed_b,0.8500000000000001,0.7,False,6309.573444801943,0.000480253040138993,True,False,10.373462979994656,1.0500301667575298e-06,0.0024001741676453817,0.0,0.0,0.0,0.0,0.0,0.0,4.100288282581414e-08
legacy__k0_1,legacy,k0_1,mixed_b,0.875,0.7,False,10000.0,0.000505924498019661,True,False,10.121373285997834,1.1077492102235106e-06,0.002528477283407917,0.0,0.0,0.0,0.0,0.0,0.0,3.745748016503172e-08
legacy__k0_1,legacy,k0_1,mixed_b,0.9,0.7,False,15848.93192461114,0.0005198812051122833,True,False,10.41762091399869,1.1372241367894408e-06,0.0025981660087643008,0.0,0.0,0.0,0.0,0.0,0.0,1.0279266032613754e-07
legacy__k0_1,legacy,k0_1,mixed_b,0.925,0.7,False,25118.864315095823,0.0005286942975238063,True,False,10.55781948799995,1.1605192552829692e-06,0.002642310348498913,0.0,0.0,0.0,0.0,0.0,0.0,6.198648356526171e-10
legacy__k0_1,legacy,k0_1,mixed_b,0.9500000000000001,0.7,False,39810.71705534977,0.0005366353537049321,True,False,10.140841578002437,1.1929950762160023e-06,0.0026819826255495382,0.0,0.0,0.0,0.0,0.0,0.0,1.1478989064098749e-09
legacy__k0_1,legacy,k0_1,mixed_b,0.9750000000000001,0.7,False,63095.73444801943,1000000000.0,False,False,0.037774128999444656,0.0,0.0,0.0,0.0,0.0,0.0,0.0,0.0,1000000000.0
legacy__k0_1,legacy,k0_1,mixed_b,1.0,0.7,False,100000.0,0.0005416421579788474,True,False,10.947386010004266,1.2265350844626604e-06,0.0027069696885913424,0.0,0.0,0.0,0.0,0.0,0.0,1.4566218431411834e-08
legacy__k0_2,legacy,k0_2,mixed_b,0.0,0.3,False,0.001,3.721469516787496,True,False,9.932355963996088,0.006246509342590465,18.601100924879624,0.0,0.0,0.0,0.0,0.0,0.0,1.4971526195040838e-07
legacy__k0_2,legacy,k0_2,mixed_b,0.025,0.3,False,0.001584893192461114,1000000000.0,False,False,0.026814163000381086,0.0,0.0,0.0,0.0,0.0,0.0,0.0,0.0,1000000000.0
legacy__k0_2,legacy,k0_2,mixed_b,0.05,0.3,False,0.0025118864315095794,1000000000.0,False,False,0.033148652997624595,0.0,0.0,0.0,0.0,0.0,0.0,0.0,0.0,1000000000.0
legacy__k0_2,legacy,k0_2,mixed_b,0.07500000000000001,0.3,False,0.003981071705534973,1000000000.0,False,False,0.026195503000053577,0.0,0.0,0.0,0.0,0.0,0.0,0.0,0.0,1000000000.0
legacy__k0_2,legacy,k0_2,mixed_b,0.1,0.3,False,0.00630957344480193,0.7158784495312026,True,False,8.900924724002834,0.002897376215176734,3.5764947871082464,0.0,0.0,0.0,0.0,0.0,0.0,8.433258969039324e-08
legacy__k0_2,legacy,k0_2,mixed_b,0.125,0.3,False,0.01,1000000000.0,False,False,0.0279254229972139,0.0,0.0,0.0,0.0,0.0,0.0,0.0,0.0,1000000000.0
legacy__k0_2,legacy,k0_2,mixed_b,0.15000000000000002,0.3,False,0.01584893192461114,1000000000.0,False,False,0.03583403599623125,0.0,0.0,0.0,0.0,0.0,0.0,0.0,0.0,1000000000.0
legacy__k0_2,legacy,k0_2,mixed_b,0.17500000000000002,0.3,False,0.025118864315095808,0.38765967005968616,True,False,8.418238926002232,0.0008008036830129605,1.9374975217185981,0.0,0.0,0.0,0.0,0.0,0.0,2.489681969019869e-08
legacy__k0_2,legacy,k0_2,mixed_b,0.2,0.3,False,0.039810717055349734,1000000000.0,False,False,0.039255457995750476,0.0,0.0,0.0,0.0,0.0,0.0,0.0,0.0,1000000000.0
legacy__k0_2,legacy,k0_2,mixed_b,0.225,0.3,False,0.06309573444801933,0.3113544635399667,True,False,8.465790910995565,0.0001884133798318852,1.5565837724545628,0.0,0.0,0.0,0.0,0.0,0.0,1.318654391076152e-07
legacy__k0_2,legacy,k0_2,mixed_b,0.25,0.3,False,0.1,0.23979424814610337,True,False,8.52049328800058,8.373319566760395e-05,1.1988874992381708,0.0,0.0,0.0,0.0,0.0,0.0,8.296678564657704e-09
legacy__k0_2,legacy,k0_2,mixed_b,0.275,0.3,False,0.15848931924611143,0.1057006992590549,True,False,8.690036612999393,2.6155095427889182e-05,0.5284773067161534,0.0,0.0,0.0,0.0,0.0,0.0,3.448369313211663e-08
legacy__k0_2,legacy,k0_2,mixed_b,0.3,0.3,True,0.25118864315095796,0.0,True,False,8.867575696996937,0.0,0.0,0.0,0.0,0.0,0.0,0.0,0.0,0.0
legacy__k0_2,legacy,k0_2,mixed_b,0.325,0.3,False,0.3981071705534973,0.2607225786294377,True,False,9.014339986002597,6.210903903266856e-05,1.3035507605008934,0.0,0.0,0.0,0.0,0.0,0.0,2.3607262532504072e-08
legacy__k0_2,legacy,k0_2,mixed_b,0.35000000000000003,0.3,False,0.6309573444801936,1.2875479132911978,True,False,9.255362720999983,0.00037198320312479107,6.437367576367395,0.0,0.0,0.0,0.0,0.0,0.0,6.885470326383241e-09
legacy__k0_2,legacy,k0_2,mixed_b,0.375,0.3,False,1.0,1000000000.0,False,False,0.030707277997862548,0.0,0.0,0.0,0.0,0.0,0.0,0.0,0.0,1000000000.0
legacy__k0_2,legacy,k0_2,mixed_b,0.4,0.3,False,1.584893192461114,5.081615793220523,True,False,9.493379047999042,0.001988665661069737,25.406090300441463,0.0,0.0,0.0,0.0,0.0,0.0,8.554975648682346e-14
legacy__k0_2,legacy,k0_2,mixed_b,0.42500000000000004,0.3,False,2.5118864315095824,7.452296099431938,True,False,9.404792586996336,0.002884733380915487,37.258595751470025,0.0,0.0,0.0,0.0,0.0,0.0,1.2308745138138732e-08
legacy__k0_2,legacy,k0_2,mixed_b,0.45,0.3,False,3.981071705534973,9.865808314018027,True,False,9.5564526570015,0.004489349174934526,49.324552209481325,0.0,0.0,0.0,0.0,0.0,0.0,1.1433877517001881e-08
legacy__k0_2,legacy,k0_2,mixed_b,0.47500000000000003,0.3,False,6.309573444801936,12.096129913695238,True,False,9.70800046799559,0.007904092408402863,60.472745463736956,0.0,0.0,0.0,0.0,0.0,0.0,1.2330830409063056e-08
legacy__k0_2,legacy,k0_2,mixed_b,0.5,0.3,False,10.0,14.049371809549289,True,False,9.915626226000313,0.01252836784769245,70.2343306691642,0.0,0.0,0.0,0.0,0.0,0.0,1.0734552458294273e-08
legacy__k0_2,legacy,k0_2,mixed_b,0.525,0.3,False,15.848931924611142,16.015032709231086,True,False,9.840152727003442,0.01696538749197739,80.0581980797578,0.0,0.0,0.0,0.0,0.0,0.0,7.890564197567262e-08
legacy__k0_2,legacy,k0_2,mixed_b,0.55,0.3,False,25.11886431509582,1000000000.0,False,False,0.035154116005287506,0.0,0.0,0.0,0.0,0.0,0.0,0.0,0.0,1000000000.0
legacy__k0_2,legacy,k0_2,mixed_b,0.5750000000000001,0.3,False,39.81071705534978,19.29397620192045,True,False,10.034280148996913,0.01891555608514222,96.4509653890205,0.0,0.0,0.0,0.0,0.0,0.0,6.44966153336695e-08
legacy__k0_2,legacy,k0_2,mixed_b,0.6000000000000001,0.3,False,63.09573444801943,20.374270800029976,True,False,10.053650035995815,0.01773907408019043,101.85361492525658,0.0,0.0,0.0,0.0,0.0,0.0,8.130962438441553e-10
legacy__k0_2,legacy,k0_2,mixed_b,0.625,0.3,False,100.0,1000000000.0,False,False,0.03896046899899375,0.0,0.0,0.0,0.0,0.0,0.0,0.0,0.0,1000000000.0
legacy__k0_2,legacy,k0_2,mixed_b,0.65,0.3,False,158.48931924611142,21.48646819265951,True,False,10.39632117599831,0.015734217141928162,107.41660671562414,0.0,0.0,0.0,0.0,0.0,0.0,3.053148089987289e-08
legacy__k0_2,legacy,k0_2,mixed_b,0.675,0.3,False,251.18864315095823,21.72729735036213,True,False,10.969977467000717,0.017604809944998218,108.61888194184736,0.0,0.0,0.0,0.0,0.0,0.0,1.829356650569847e-11
legacy__k0_2,legacy,k0_2,mixed_b,0.7000000000000001,0.3,False,398.1071705534977,1000000000.0,False,False,0.03509000100166304,0.0,0.0,0.0,0.0,0.0,0.0,0.0,0.0,1000000000.0
legacy__k0_2,legacy,k0_2,mixed_b,0.7250000000000001,0.3,False,630.9573444801943,21.762735395610477,True,False,11.3442706479982,0.013454817258261791,108.80022211578871,0.0,0.0,0.0,0.0,0.0,0.0,4.500541292913353e-08
legacy__k0_2,legacy,k0_2,mixed_b,0.75,0.3,False,1000.0,21.77413131589807,True,False,12.079700946997036,0.013011859211585364,108.85764449165114,0.0,0.0,0.0,0.0,0.0,0.0,2.2862763333215195e-07
legacy__k0_2,legacy,k0_2,mixed_b,0.775,0.3,False,1584.893192461114,21.79489044493386,True,False,11.766890571001568,0.014156746783327593,108.96029547320106,0.0,0.0,0.0,0.0,0.0,0.0,4.684906310069603e-09
legacy__k0_2,legacy,k0_2,mixed_b,0.8,0.3,False,2511.886431509582,21.814182169259226,True,False,12.3932488749997,0.01560933662200173,109.05530093822695,0.0,0.0,0.0,0.0,0.0,0.0,5.71447172943309e-07
legacy__k0_2,legacy,k0_2,mixed_b,0.8250000000000001,0.3,False,3981.0717055349774,21.82703605089133,True,False,12.735130756002036,0.016962344159813014,109.11821652502056,0.0,0.0,0.0,0.0,0.0,0.0,1.385276282681248e-06
legacy__k0_2,legacy,k0_2,mixed_b,0.8500000000000001,0.3,False,6309.573444801943,21.833876926525143,True,False,12.380367611003749,0.018136426503283704,109.15124388620173,0.0,0.0,0.0,0.0,0.0,0.0,4.3199206945785614e-06
legacy__k0_2,legacy,k0_2,mixed_b,0.875,0.3,False,10000.0,21.837257468872306,True,False,12.68607455000165,0.018994780737414223,109.16728652297614,0.0,0.0,0.0,0.0,0.0,0.0,6.0406479713059295e-06
legacy__k0_2,legacy,k0_2,mixed_b,0.9,0.3,False,15848.93192461114,21.839309625336103,True,False,12.648225528995681,0.01957643682148908,109.17696613841886,0.0,0.0,0.0,0.0,0.0,0.0,5.551440160704568e-06
legacy__k0_2,legacy,k0_2,mixed_b,0.925,0.3,False,25118.864315095823,21.84069568754485,True,False,12.946860980002384,0.01996218181913845,109.18350914939312,0.0,0.0,0.0,0.0,0.0,0.0,7.106511994022385e-06
legacy__k0_2,legacy,k0_2,mixed_b,0.9500000000000001,0.3,False,39810.71705534977,21.84136031985586,True,False,12.989360160005162,0.020214038208997795,109.18658071742125,0.0,0.0,0.0,0.0,0.0,0.0,6.8436490618508785e-06
legacy__k0_2,legacy,k0_2,mixed_b,0.9750000000000001,0.3,False,63095.73444801943,1000000000.0,False,False,0.048241791999316774,0.0,0.0,0.0,0.0,0.0,0.0,0.0,0.0,1000000000.0
legacy__k0_2,legacy,k0_2,mixed_b,1.0,0.3,False,100000.0,21.842303654667813,True,False,12.97552465699846,0.020474613398281907,109.19103571923739,0.0,0.0,0.0,0.0,0.0,0.0,7.940703391302769e-06
legacy__k0_3,legacy,k0_3,mixed_b,0.0,0.65,False,0.001,120.6981673607559,True,True,8.344371790000878,339.3816099883944,164.10922681538506,0.0,0.0,0.0,0.0,0.0,0.0,100.0
legacy__k0_3,legacy,k0_3,mixed_b,0.025,0.65,False,0.001584893192461114,120.56483934495341,True,True,8.782039868005086,338.7211310928335,164.10306563193353,0.0,0.0,0.0,0.0,0.0,0.0,100.0
legacy__k0_3,legacy,k0_3,mixed_b,0.05,0.65,False,0.0025118864315095794,120.42849889897775,True,True,8.276804273002199,338.04884159610833,164.09365289878042,0.0,0.0,0.0,0.0,0.0,0.0,100.0
legacy__k0_3,legacy,k0_3,mixed_b,0.07500000000000001,0.65,False,0.003981071705534973,120.15285538221869,True,True,8.612421811994864,336.68537352835267,164.07890338274075,0.0,0.0,0.0,0.0,0.0,0.0,100.0
legacy__k0_3,legacy,k0_3,mixed_b,0.1,0.65,False,0.00630957344480193,119.75781146948498,True,True,8.56660921600269,334.734029084389,164.0550282630359,0.0,0.0,0.0,0.0,0.0,0.0,100.0
legacy__k0_3,legacy,k0_3,mixed_b,0.125,0.65,False,0.01,119.13208123117337,True,True,8.94862796599773,331.6454149416576,164.01499121420926,0.0,0.0,0.0,0.0,0.0,0.0,100.0
legacy__k0_3,legacy,k0_3,mixed_b,0.15000000000000002,0.65,False,0.01584893192461114,118.13828173351214,True,True,8.744753052997112,326.73942943073575,163.95197923682497,0.0,0.0,0.0,0.0,0.0,0.0,100.0
legacy__k0_3,legacy,k0_3,mixed_b,0.17500000000000002,0.65,False,0.025118864315095808,116.59097256930158,True,True,8.755512828000064,319.10361838869704,163.85124445781082,0.0,0.0,0.0,0.0,0.0,0.0,100.0
legacy__k0_3,legacy,k0_3,mixed_b,0.2,0.65,False,0.039810717055349734,114.21974698954712,True,True,8.728361970999686,307.41051280093814,163.68822214679744,0.0,0.0,0.0,0.0,0.0,0.0,100.0
legacy__k0_3,legacy,k0_3,mixed_b,0.225,0.65,False,0.06309573444801933,110.61264742380982,True,True,8.76610742000048,289.6413850633525,163.4218520556966,0.0,0.0,0.0,0.0,0.0,0.0,100.0
legacy__k0_3,legacy,k0_3,mixed_b,0.25,0.65,False,0.1,105.36789518959681,True,True,8.668841484999575,263.8548771118383,162.98459883614572,0.0,0.0,0.0,0.0,0.0,0.0,100.0
legacy__k0_3,legacy,k0_3,mixed_b,0.275,0.65,False,0.15848931924611143,98.16412236295751,True,True,9.01498983700003,228.56089177658254,162.25972003820505,0.0,0.0,0.0,0.0,0.0,0.0,100.0
legacy__k0_3,legacy,k0_3,mixed_b,0.30000000000000004,0.65,False,0.25118864315095824,89.4930517978584,True,True,8.85868467799446,186.42517808454514,161.0400809047469,0.0,0.0,0.0,0.0,0.0,0.0,100.0
legacy__k0_3,legacy,k0_3,mixed_b,0.325,0.65,False,0.3981071705534973,82.34702645598875,True,True,8.857913927000482,152.73928170424628,158.9958505756975,0.0,0.0,0.0,0.0,0.0,0.0,100.0
legacy__k0_3,legacy,k0_3,mixed_b,0.35000000000000003,0.65,False,0.6309573444801936,64.6133803900787,True,True,9.28110957199533,67.44982197814598,155.61707997224755,0.0,0.0,0.0,0.0,0.0,0.0,100.0
legacy__k0_3,legacy,k0_3,mixed_b,0.375,0.65,False,1.0,56.66660594250986,True,True,8.65404032600054,33.11447948808552,150.21855022446377,0.0,0.0,0.0,0.0,0.0,0.0,100.0
legacy__k0_3,legacy,k0_3,mixed_b,0.4,0.65,False,1.584893192461114,52.23995531172619,True,True,9.017300727995462,19.22854503606024,141.97123152257072,0.0,0.0,0.0,0.0,0.0,0.0,100.0
legacy__k0_3,legacy,k0_3,mixed_b,0.42500000000000004,0.65,False,2.5118864315095824,48.69496897100894,True,True,9.288163471996086,13.373217006250442,130.10162784879424,0.0,0.0,0.0,0.0,0.0,0.0,100.0
legacy__k0_3,legacy,k0_3,mixed_b,0.45,0.65,False,3.981071705534973,45.0079372513312,True,True,9.188845183001831,10.583623977847965,114.45606227880806,0.0,0.0,0.0,0.0,0.0,0.0,100.0
legacy__k0_3,legacy,k0_3,mixed_b,0.47500000000000003,0.65,False,6.309573444801936,41.13451705637406,True,True,9.216742092001368,8.852495723511161,96.82008955835911,0.0,0.0,0.0,0.0,0.0,0.0,100.0
legacy__k0_3,legacy,k0_3,mixed_b,0.5,0.65,False,10.0,36.08184692952234,True,True,9.417995761999919,7.369575083384603,73.03965956422712,0.0,0.0,0.0,0.0,0.0,0.0,100.0
legacy__k0_3,legacy,k0_3,mixed_b,0.525,0.65,False,15.848931924611142,9.310548422753364,True,False,9.338821204997657,5.845276747586565,40.70746524735476,0.0,0.0,0.0,0.0,0.0,0.0,1.1882549141565695e-07
legacy__k0_3,legacy,k0_3,mixed_b,0.55,0.65,False,25.11886431509582,5.533491641108305,True,False,9.164147470000898,4.245706897514802,23.421751304624884,0.0,0.0,0.0,0.0,0.0,0.0,3.4018389047213893e-09
legacy__k0_3,legacy,k0_3,mixed_b,0.5750000000000001,0.65,False,39.81071705534978,3.0859074135521736,True,False,9.10415570600162,2.673573508792428,12.755963532910584,0.0,0.0,0.0,0.0,0.0,0.0,2.605785409952098e-08
legacy__k0_3,legacy,k0_3,mixed_b,0.6000000000000001,0.65,False,63.09573444801943,1.4133539612193782,True,False,9.360969516994373,1.3081148063589296,5.758654965426122,0.0,0.0,0.0,0.0,0.0,0.0,3.431183906681157e-08
legacy__k0_3,legacy,k0_3,mixed_b,0.625,0.65,False,100.0,0.37457398300168465,True,False,9.603545281999686,0.35381341832590774,1.5190564819669388,0.0,0.0,0.0,0.0,0.0,0.0,1.471557662846264e-08
legacy__k0_3,legacy,k0_3,mixed_b,0.65,0.65,True,158.48931924611142,0.0,True,False,9.777782337994722,0.0,0.0,0.0,0.0,0.0,0.0,0.0,0.0,0.0
legacy__k0_3,legacy,k0_3,mixed_b,0.675,0.65,False,251.18864315095823,0.45187398836141357,True,False,9.448974245999125,0.395304733349768,1.8640652062595033,0.0,0.0,0.0,0.0,0.0,0.0,2.1977967261739523e-09
legacy__k0_3,legacy,k0_3,mixed_b,0.7000000000000001,0.65,False,398.1071705534977,2.026064135262878,True,False,9.512381246997393,1.6375824930857819,8.49273780952449,0.0,0.0,0.0,0.0,0.0,0.0,3.7370411879976885e-07
legacy__k0_3,legacy,k0_3,mixed_b,0.7250000000000001,0.65,False,630.9573444801943,5.057329857812905,True,False,9.26889839800424,3.772886199592314,21.513762352029616,0.0,0.0,0.0,0.0,0.0,0.0,7.374425976675397e-07
legacy__k0_3,legacy,k0_3,mixed_b,0.75,0.65,False,1000.0,9.163470772070195,True,False,9.520366976001242,6.803036136732715,39.01431546805942,0.0,0.0,0.0,0.0,0.0,0.0,2.2555588314404227e-06
legacy__k0_3,legacy,k0_3,mixed_b,0.775,0.65,False,1584.893192461114,13.41419873428795,True,False,9.765379309996206,10.698439274574472,56.37255075024807,0.0,0.0,0.0,0.0,0.0,0.0,3.6466172227115093e-06
legacy__k0_3,legacy,k0_3,mixed_b,0.8,0.65,False,2511.886431509582,17.552530948054507,True,False,9.813597066997318,15.411210139328956,72.35144042414093,0.0,0.0,0.0,0.0,0.0,0.0,4.176802653755668e-06
legacy__k0_3,legacy,k0_3,mixed_b,0.8250000000000001,0.65,False,3981.0717055349774,21.619485070271445,True,False,9.884891695997794,20.891165831879114,87.2062513967355,0.0,0.0,0.0,0.0,0.0,0.0,8.122742607067945e-06
legacy__k0_3,legacy,k0_3,mixed_b,0.8500000000000001,0.65,False,6309.573444801943,25.71773772210135,True,False,9.729936112002179,27.100114143566564,101.48856481439174,0.0,0.0,0.0,0.0,0.0,0.0,9.652548454343298e-06
legacy__k0_3,legacy,k0_3,mixed_b,0.875,0.65,False,10000.0,29.988064858647515,True,False,9.640577418998873,34.021674581705234,115.91864414758865,0.0,0.0,0.0,0.0,0.0,0.0,5.56394368682963e-06
legacy__k0_3,legacy,k0_3,mixed_b,0.9,0.65,False,15848.93192461114,34.55438391999485,True,False,9.708811556003639,41.65888332487805,131.11244340501088,0.0,0.0,0.0,0.0,0.0,0.0,0.000592870085315643
legacy__k0_3,legacy,k0_3,mixed_b,0.925,0.65,False,25118.864315095823,39.47396235839818,True,False,9.872633850005514,50.02552317619781,147.33894408661246,0.0,0.0,0.0,0.0,0.0,0.0,0.0053445291806689735
legacy__k0_3,legacy,k0_3,mixed_b,0.9500000000000001,0.65,False,39810.71705534977,64.69944236119709,True,True,9.992597805001424,59.12176727657031,164.37544452941512,0.0,0.0,0.0,0.0,0.0,0.0,100.0
legacy__k0_3,legacy,k0_3,mixed_b,0.9750000000000001,0.65,False,63095.73444801943,70.09727882931021,True,True,9.832903840004292,68.91002078473007,181.57637336182097,0.0,0.0,0.0,0.0,0.0,0.0,100.0
legacy__k0_3,legacy,k0_3,mixed_b,1.0,0.65,False,100000.0,75.49787373773081,True,True,9.758762109995587,79.28492161782938,198.2044470708247,0.0,0.0,0.0,0.0,0.0,0.0,100.0
lockin_only__G_O,lockin_only,G_O,mixed_b,0.0,0.4000000000000001,False,2.2,98.19998755782615,True,True,5.958541175001301,270.5211562966281,0.0,0.0,0.0,116.09603520930463,0.0,4.382746283197982,0.0,100.0
lockin_only__G_O,lockin_only,G_O,mixed_b,0.025,0.4000000000000001,False,2.23,97.14762447687922,True,True,6.239484301004268,266.72845620956696,0.0,0.0,0.0,116.07613706848292,0.0,2.933529106346191,0.0,100.0
lockin_only__G_O,lockin_only,G_O,mixed_b,0.05,0.4000000000000001,False,2.2600000000000002,95.55344583058401,True,True,6.475872929004254,258.87435150422255,0.0,0.0,0.0,116.05058288327618,0.0,2.842294765421308,0.0,100.0
lockin_only__G_O,lockin_only,G_O,mixed_b,0.07500000000000001,0.4000000000000001,False,2.29,1000000000.0,False,False,5.568999981995148,0.0,0.0,0.0,0.0,0.0,0.0,0.0,0.0,1000000000.0
lockin_only__G_O,lockin_only,G_O,mixed_b,0.1,0.4000000000000001,False,2.3200000000000003,87.70343017067668,True,True,6.531676219005021,220.32758181853785,0.0,0.0,0.0,115.8908309744416,0.0,2.2987380604039487,0.0,100.0
lockin_only__G_O,lockin_only,G_O,mixed_b,0.125,0.4000000000000001,False,2.35,80.1594664822579,True,True,6.315914492995944,183.2534011833252,0.0,0.0,0.0,115.70286551680533,0.0,1.8410657111590056,0.0,100.0
lockin_only__G_O,lockin_only,G_O,mixed_b,0.15000000000000002,0.4000000000000001,False,2.3800000000000003,69.93976270045573,True,True,6.52160780900158,132.7191340127036,0.0,0.0,0.0,115.37422544261054,0.0,1.605454046964523,0.0,100.0
lockin_only__G_O,lockin_only,G_O,mixed_b,0.17500000000000002,0.4000000000000001,False,2.41,60.520551417563226,True,True,6.651559662001091,86.40637921661079,0.0,0.0,0.0,114.77332326488727,0.0,1.423054606318054,0.0,100.0
lockin_only__G_O,lockin_only,G_O,mixed_b,0.2,0.4000000000000001,False,2.44,50.170019535646986,True,True,6.833324110004469,35.89951846118027,0.0,0.0,0.0,113.67464987106976,0.0,1.2759293459849104,0.0,100.0
lockin_only__G_O,lockin_only,G_O,mixed_b,0.225,0.4000000000000001,False,2.47,46.130661937389156,True,True,7.088593044005393,17.89358248360444,0.0,0.0,0.0,111.66795779611056,0.0,1.091769407230794,0.0,100.0
lockin_only__G_O,lockin_only,G_O,mixed_b,0.25,0.4000000000000001,False,2.5,44.06481009286216,True,True,7.385885534997215,11.471958566254076,0.0,0.0,0.0,107.97210118067062,0.0,0.8799907173861,0.0,100.0
lockin_only__G_O,lockin_only,G_O,mixed_b,0.275,0.4000000000000001,False,2.5300000000000002,42.08013444526365,True,True,7.424949769003433,8.41346758738139,0.0,0.0,0.0,101.32952474117312,0.0,0.6576798977637213,0.0,100.0
lockin_only__G_O,lockin_only,G_O,mixed_b,0.30000000000000004,0.4000000000000001,False,2.56,19.299276355426713,True,False,7.76971902600053,6.14225474370706,0.0,0.0,0.0,89.9098446553368,0.0,0.4442819329011547,0.0,4.4518856392212475e-07
lockin_only__G_O,lockin_only,G_O,mixed_b,0.325,0.4000000000000001,False,2.59,15.185498354021107,True,False,8.356631456001196,3.9900306261324068,0.0,0.0,0.0,71.67939444678692,0.0,0.25806636373922553,0.0,3.334469812665155e-07
lockin_only__G_O,lockin_only,G_O,mixed_b,0.35000000000000003,0.4000000000000001,False,2.62,9.590189549425004,True,False,8.589809550998325,2.0183086159585435,0.0,0.0,0.0,45.818160028563476,0.0,0.11447900837657463,0.0,9.422642543841633e-08
lockin_only__G_O,lockin_only,G_O,mixed_b,0.375,0.4000000000000001,False,2.65,3.427736553675191,True,False,8.755446579001728,0.5604840239106994,0.0,0.0,0.0,16.551087721605505,0.0,0.02711101925305984,0.0,3.6066883927496705e-09
lockin_only__G_O,lockin_only,G_O,mixed_b,0.4000000000000001,0.4000000000000001,True,2.68,0.0,True,False,9.365121345996158,0.0,0.0,0.0,0.0,0.0,0.0,0.0,0.0,0.0
lockin_only__G_O,lockin_only,G_O,mixed_b,0.42500000000000004,0.4000000000000001,False,2.71,6.8312088320406446,True,False,9.798053108002932,0.6428137325387455,0.0,0.0,0.0,33.49224250791132,0.0,0.020987842470461853,0.0,7.72826942438027e-08
lockin_only__G_O,lockin_only,G_O,mixed_b,0.45,0.4000000000000001,False,2.74,36.56566617119261,True,False,10.650362945001689,2.6676431414681443,0.0,0.0,0.0,180.08045685601488,0.0,0.08022424612358492,0.0,6.612356471174531e-06
lockin_only__G_O,lockin_only,G_O,mixed_b,0.47500000000000003,0.4000000000000001,False,2.77,105.86328839822002,True,False,10.804051588995208,6.119253388237174,0.0,0.0,0.0,523.0216866741167,0.0,0.1754436973406305,0.0,5.823140551853028e-05
lockin_only__G_O,lockin_only,G_O,mixed_b,0.5,0.4000000000000001,False,2.8,237.5262316413176,True,False,11.13993771099922,10.910816194753707,0.0,0.0,0.0,1176.4421830362917,0.0,0.278000482764542,0.0,0.00015849277790418162
lockin_only__G_O,lockin_only,G_O,mixed_b,0.525,0.4000000000000001,False,2.83,455.29303098773846,True,False,11.373463623000134,16.78043430792198,0.0,0.0,0.0,2259.2906829360372,0.0,0.39019986267771606,0.0,0.0038378320557231416
lockin_only__G_O,lockin_only,G_O,mixed_b,0.55,0.4000000000000001,False,2.8600000000000003,755.6962233528627,True,False,11.475314552997588,23.063589190850387,0.0,0.0,0.0,3754.7860316770716,0.0,0.5499003007478642,0.0,0.08159559564358149
lockin_only__G_O,lockin_only,G_O,mixed_b,0.5750000000000001,0.4000000000000001,False,2.89,1060.3785121680219,True,False,11.56965100600064,28.169464443290458,0.0,0.0,0.0,5272.527852161145,0.0,0.7763244853926948,0.0,0.4189197502821983
lockin_only__G_O,lockin_only,G_O,mixed_b,0.6000000000000001,0.4000000000000001,False,2.92,1205.346423610456,True,False,11.738215491997835,29.607994431796698,0.0,0.0,0.0,5995.506987208092,0.0,1.0544982273533015,0.0,0.5626381850371945
lockin_only__G_O,lockin_only,G_O,mixed_b,0.625,0.4000000000000001,False,2.95,1102.0853949457212,True,False,11.991805748999468,26.444580622677407,0.0,0.0,0.0,5482.297731695457,0.0,1.3489096513790213,0.0,0.3357527590923544
lockin_only__G_O,lockin_only,G_O,mixed_b,0.65,0.4000000000000001,False,2.98,863.5566256827375,True,False,12.33552893200249,20.647312490342735,0.0,0.0,0.0,4295.398218321148,0.0,1.4568750221223312,0.0,0.2807225800746433
lockin_only__G_O,lockin_only,G_O,mixed_b,0.675,0.4000000000000001,False,3.01,633.743393973137,True,False,12.319022866999148,14.436198373658762,0.0,0.0,0.0,3152.7156855869753,0.0,1.548220163917911,0.0,0.01686574113259297
lockin_only__G_O,lockin_only,G_O,mixed_b,0.7000000000000001,0.4000000000000001,False,3.04,470.2660826223878,True,False,12.345216876004997,8.948113993731372,0.0,0.0,0.0,2340.7434096891357,0.0,1.6340299140556536,0.0,0.004859515016130993
lockin_only__G_O,lockin_only,G_O,mixed_b,0.7250000000000001,0.4000000000000001,False,3.0700000000000003,372.94275979541715,True,False,12.264441097999224,4.652552913543687,0.0,0.0,0.0,1858.3336502840027,0.0,1.7273580227655256,0.0,0.00023775677385933842
lockin_only__G_O,lockin_only,G_O,mixed_b,0.75,0.4000000000000001,False,3.1,324.50272720131926,True,False,12.224002663002466,1.7402183605385106,0.0,0.0,0.0,1618.9406148987214,0.0,1.8297496427205595,0.0,0.0030531046157537653
lockin_only__G_O,lockin_only,G_O,mixed_b,0.775,0.4000000000000001,False,3.13,306.6880239491817,True,False,12.540721438999753,0.2508225914998572,0.0,0.0,0.0,1531.2462708616818,0.0,1.9408942006768344,0.0,0.002132092049752926
lockin_only__G_O,lockin_only,G_O,mixed_b,0.8,0.4000000000000001,False,3.16,304.72991441071815,True,False,12.191353449001326,0.08976724223519149,0.0,0.0,0.0,1521.4982784292702,0.0,2.0614678965943254,0.0,5.848549092421349e-05
lockin_only__G_O,lockin_only,G_O,mixed_b,0.8250000000000001,0.4000000000000001,False,3.19,308.8157706594278,True,False,12.289877482005977,1.0236213209987193,0.0,0.0,0.0,1540.8608972560019,0.0,2.1943347016739807,0.0,1.846462138372853e-08
lockin_only__G_O,lockin_only,G_O,mixed_b,0.8500000000000001,0.4000000000000001,False,3.2199999999999998,313.8434710395609,True,False,12.35758388999966,2.696510186014731,0.0,0.0,0.0,1564.176876825512,0.0,2.343968159578147,0.0,2.669950849743056e-08
lockin_only__G_O,lockin_only,G_O,mixed_b,0.875,0.4000000000000001,False,3.25,317.9239352724453,True,False,12.46540970899514,4.69397106802934,0.0,0.0,0.0,1582.4108382978472,0.0,2.514866952355405,0.0,4.399444861205754e-08
lockin_only__G_O,lockin_only,G_O,mixed_b,0.9,0.4000000000000001,False,3.2800000000000002,320.7531869588509,True,False,12.41246836999926,6.658618640679755,0.0,0.0,0.0,1594.3996136297148,0.0,2.7077023253072947,0.0,1.985525305373881e-07
lockin_only__G_O,lockin_only,G_O,mixed_b,0.925,0.4000000000000001,False,3.31,342.58277985251175,True,True,11.682473847002257,8.446519730353783,0.0,0.0,0.0,1601.549530910162,0.0,2.9178486220427553,0.0,100.0
lockin_only__G_O,lockin_only,G_O,mixed_b,0.9500000000000001,0.4000000000000001,False,3.34,343.7949382536158,True,True,11.72791611100547,10.329987163966896,0.0,0.0,0.0,1605.5119990282842,0.0,3.1327050758277935,0.0,100.0
lockin_only__G_O,lockin_only,G_O,mixed_b,0.9750000000000001,0.4000000000000001,False,3.37,344.8924507129796,True,True,10.98252455900365,13.5096977951363,0.0,0.0,0.0,1607.6187758455285,0.0,3.3337799242331627,0.0,100.0
lockin_only__G_O,lockin_only,G_O,mixed_b,1.0,0.4000000000000001,False,3.4,346.80089144800866,True,True,10.544205063000845,21.780038837202692,0.0,0.0,0.0,1608.714598110998,0.0,3.5098202918425923,0.0,100.0
lockin_only__G_OH,lockin_only,G_OH,mixed_b,0.0,0.5999999999999999,False,0.8,22.141211949381262,True,False,8.087823802998173,6.55336149109006,0.0,0.0,0.0,99.29083962308881,0.0,4.861858479741684,0.0,1.529857415500456e-07
lockin_only__G_OH,lockin_only,G_OH,mixed_b,0.025,0.5999999999999999,False,0.8250000000000001,19.72498090107083,True,False,8.110593270001118,4.990993778177472,0.0,0.0,0.0,88.86097890828378,0.0,4.772931774871257,0.0,4.402163504035953e-08
lockin_only__G_OH,lockin_only,G_OH,mixed_b,0.05,0.5999999999999999,False,0.8500000000000001,16.25708191155747,True,False,8.011945858997933,3.33050785025615,0.0,0.0,0.0,73.3629232639868,0.0,4.591977860897755,0.0,5.826466312559793e-07
lockin_only__G_OH,lockin_only,G_OH,mixed_b,0.07500000000000001,0.5999999999999999,False,0.875,11.677507452991703,True,False,8.13573852799891,1.7864816271522967,0.0,0.0,0.0,52.156740008901174,0.0,4.444313314791785,0.0,2.314113256807852e-06
lockin_only__G_OH,lockin_only,G_OH,mixed_b,0.1,0.5999999999999999,False,0.9,6.458349773525995,True,False,8.638582499996119,0.6069216779326925,0.0,0.0,0.0,27.37126302725262,0.0,4.3135554508053335,0.0,8.711639329104404e-06
lockin_only__G_OH,lockin_only,G_OH,mixed_b,0.125,0.5999999999999999,False,0.925,2.5191587591708746,True,False,8.591197970999929,0.029861489487984456,0.0,0.0,0.0,8.367027473584443,0.0,4.198884304686051,0.0,2.0528095894961674e-05
lockin_only__G_OH,lockin_only,G_OH,mixed_b,0.15000000000000002,0.5999999999999999,False,0.9500000000000001,4.469039332687819,True,False,8.816167445998872,0.24844445683262117,0.0,0.0,0.0,17.986452769295592,0.0,4.110245914895618,0.0,5.3522415259206877e-05
lockin_only__G_OH,lockin_only,G_OH,mixed_b,0.17500000000000002,0.5999999999999999,False,0.9750000000000001,20.195629477399486,True,False,9.38658035499975,1.3916829778403443,0.0,0.0,0.0,95.55004130134606,0.0,4.036263041692404,0.0,0.00016006611861903118
lockin_only__G_OH,lockin_only,G_OH,mixed_b,0.2,0.5999999999999999,False,1.0,59.28603642584697,True,False,9.370712654999807,3.520992382200742,0.0,0.0,0.0,288.94776765241613,0.0,3.9607994039128482,0.0,0.0006226907051329979
lockin_only__G_OH,lockin_only,G_OH,mixed_b,0.225,0.5999999999999999,False,1.0250000000000001,130.35401134705526,True,False,9.834990791001474,6.6324706822162,0.0,0.0,0.0,641.2569188213218,0.0,3.8779945968444265,0.0,0.0026726348937346337
lockin_only__G_OH,lockin_only,G_OH,mixed_b,0.25,0.5999999999999999,False,1.05,241.66390926556954,True,False,10.044257316003495,10.657024326381654,0.0,0.0,0.0,1193.8517607520478,0.0,3.7979112764275884,0.0,0.012849972990720033
lockin_only__G_OH,lockin_only,G_OH,mixed_b,0.275,0.5999999999999999,False,1.0750000000000002,401.6180827363181,True,False,10.376349773003312,15.43751060378002,0.0,0.0,0.0,1988.8110089079328,0.0,3.781953771664049,0.0,0.05994039821351994
lockin_only__G_OH,lockin_only,G_OH,mixed_b,0.30000000000000004,0.5999999999999999,False,1.1,610.571323234863,True,False,10.267559558000357,20.64448647125689,0.0,0.0,0.0,3028.390616840802,0.0,3.617766325080887,0.0,0.20374653717512345
lockin_only__G_OH,lockin_only,G_OH,mixed_b,0.325,0.5999999999999999,False,1.125,846.2806179855919,True,False,10.4857883270015,25.58684062787009,0.0,0.0,0.0,4201.91894760942,0.0,3.4623647113285747,0.0,0.43493697934100833
lockin_only__G_OH,lockin_only,G_OH,mixed_b,0.35000000000000003,0.5999999999999999,False,1.1500000000000001,1038.119454891746,True,False,10.606399732998398,29.0072240949904,0.0,0.0,0.0,5157.68506715826,0.0,3.274782093949216,0.0,0.630201111531007
lockin_only__G_OH,lockin_only,G_OH,mixed_b,0.375,0.5999999999999999,False,1.175,1089.3185597217175,True,False,10.855646124000486,29.482776769495786,0.0,0.0,0.0,5413.433223673397,0.0,3.0380761793593587,0.0,0.6387219863353557
lockin_only__G_OH,lockin_only,G_OH,mixed_b,0.4,0.5999999999999999,False,1.2000000000000002,967.0215719063178,True,False,11.091970831999788,26.748284000525487,0.0,0.0,0.0,4805.224414458974,0.0,2.755397272919125,0.0,0.37976379917039804
lockin_only__G_OH,lockin_only,G_OH,mixed_b,0.42500000000000004,0.5999999999999999,False,1.225,741.286320531065,True,False,11.129615142999683,22.03908792278587,0.0,0.0,0.0,3681.9277165895382,0.0,2.3640266958201854,0.0,0.10077144718117013
lockin_only__G_OH,lockin_only,G_OH,mixed_b,0.45,0.5999999999999999,False,1.25,509.16218457367177,True,False,11.464555081998697,16.780233339628893,0.0,0.0,0.0,2527.179775829226,0.0,1.8453370836307483,0.0,0.005576615872802328
lockin_only__G_OH,lockin_only,G_OH,mixed_b,0.47500000000000003,0.5999999999999999,False,1.2750000000000001,312.9043898528895,True,False,11.065763294005592,11.825589305412858,0.0,0.0,0.0,1551.340599249846,0.0,1.3557443409519536,0.0,1.636823666188072e-05
lockin_only__G_OH,lockin_only,G_OH,mixed_b,0.5,0.5999999999999999,False,1.3,162.71685470900184,True,False,10.780248620001657,7.576010988229866,0.0,0.0,0.0,805.0158167908679,0.0,0.9924043779128955,0.0,4.138799853681756e-05
lockin_only__G_OH,lockin_only,G_OH,mixed_b,0.525,0.5999999999999999,False,1.3250000000000002,68.70179460363707,True,False,10.441613932998735,4.2175141501014215,0.0,0.0,0.0,338.6364326433753,0.0,0.6550085458916214,0.0,1.7678817015004576e-05
lockin_only__G_OH,lockin_only,G_OH,mixed_b,0.55,0.5999999999999999,False,1.35,22.968726680158603,True,False,10.042966888999217,1.8336802226931939,0.0,0.0,0.0,112.73486630582244,0.0,0.2750824210152383,0.0,4.4512621532448225e-06
lockin_only__G_OH,lockin_only,G_OH,mixed_b,0.5750000000000001,0.5999999999999999,False,1.375,4.4049251401915885,True,False,9.891442533000372,0.4427920740134616,0.0,0.0,0.0,21.53164164766317,0.0,0.05019145093974693,0.0,5.283415627458344e-07
lockin_only__G_OH,lockin_only,G_OH,mixed_b,0.5999999999999999,0.5999999999999999,True,1.4,0.0,True,False,9.756584547001694,0.0,0.0,0.0,0.0,0.0,0.0,0.0,0.0,0.0
lockin_only__G_OH,lockin_only,G_OH,mixed_b,0.625,0.5999999999999999,False,1.425,2.525325234649897,True,False,9.062042062003457,0.3947682876335571,0.0,0.0,0.0,12.200599634174003,0.0,0.03125823050934407,0.0,2.093258061420328e-08
lockin_only__G_OH,lockin_only,G_OH,mixed_b,0.65,0.5999999999999999,False,1.4500000000000002,7.545383506595968,True,False,8.930059755999537,1.4526146008979826,0.0,0.0,0.0,36.15862151301874,0.0,0.11568112042215242,0.0,2.9864097046673406e-07
lockin_only__G_OH,lockin_only,G_OH,mixed_b,0.675,0.5999999999999999,False,1.475,12.663900327553842,True,False,8.405097139002464,2.9538612645822955,0.0,0.0,0.0,60.11440617102839,0.0,0.2512340302968298,0.0,1.7186169187120803e-07
lockin_only__G_OH,lockin_only,G_OH,mixed_b,0.7000000000000001,0.5999999999999999,False,1.5,16.888031274009627,True,False,8.209129928996845,4.67369154855999,0.0,0.0,0.0,79.32863356428179,0.0,0.4378312555731374,0.0,1.6332161784954416e-09
lockin_only__G_OH,lockin_only,G_OH,mixed_b,0.7250000000000001,0.5999999999999999,False,1.5250000000000001,20.031721160664027,True,False,8.080271569000615,6.446175557272077,0.0,0.0,0.0,93.03646982388882,0.0,0.6759603964443186,0.0,2.5714907020902863e-08
lockin_only__G_OH,lockin_only,G_OH,mixed_b,0.75,0.5999999999999999,False,1.55,42.26502601840561,True,True,7.705699125006504,8.267664763605827,0.0,0.0,0.0,102.09362413291916,0.0,0.9638411955030548,0.0,100.0
lockin_only__G_OH,lockin_only,G_OH,mixed_b,0.775,0.5999999999999999,False,1.5750000000000002,43.877939474073536,True,True,7.656891191996692,10.450851287505504,0.0,0.0,0.0,107.63207913159775,0.0,1.3067669512644455,0.0,100.0
lockin_only__G_OH,lockin_only,G_OH,mixed_b,0.8,0.5999999999999999,False,1.6,45.238724427414674,True,True,8.17901735399937,13.984645796937844,0.0,0.0,0.0,110.52009286824668,0.0,1.6888834718888508,0.0,100.0
lockin_only__G_OH,lockin_only,G_OH,mixed_b,0.8250000000000001,0.5999999999999999,False,1.625,46.96921119114141,True,True,7.659735843997623,21.392919620098986,0.0,0.0,0.0,111.32984974349922,0.0,2.123286592108864,0.0,100.0
lockin_only__G_OH,lockin_only,G_OH,mixed_b,0.8500000000000001,0.5999999999999999,False,1.6500000000000001,1000000000.0,False,False,0.02911987900006352,0.0,0.0,0.0,0.0,0.0,0.0,0.0,0.0,1000000000.0
lockin_only__G_OH,lockin_only,G_OH,mixed_b,0.875,0.5999999999999999,False,1.675,58.76621610801483,True,True,7.356282223998278,82.10625755255879,0.0,0.0,0.0,108.66279830612923,0.0,3.0620246813861307,0.0,100.0
lockin_only__G_OH,lockin_only,G_OH,mixed_b,0.9,0.5999999999999999,False,1.7000000000000002,1000000000.0,False,False,0.04960129800019786,0.0,0.0,0.0,0.0,0.0,0.0,0.0,0.0,1000000000.0
lockin_only__G_OH,lockin_only,G_OH,mixed_b,0.925,0.5999999999999999,False,1.725,76.50487326259767,True,True,7.808269002998713,174.6083167997072,0.0,0.0,0.0,104.22593097682235,0.0,3.6901185364587605,0.0,100.0
lockin_only__G_OH,lockin_only,G_OH,mixed_b,0.9500000000000001,0.5999999999999999,False,1.75,84.75041462211102,True,True,7.504761794996739,217.60810228868473,0.0,0.0,0.0,102.45941638781085,0.0,3.684554434059506,0.0,100.0
lockin_only__G_OH,lockin_only,G_OH,mixed_b,0.9750000000000001,0.5999999999999999,False,1.7750000000000001,91.69435226140888,True,True,7.800911543999973,253.55874753155507,0.0,0.0,0.0,101.12742133753981,0.0,3.785592437949475,0.0,100.0
lockin_only__G_OH,lockin_only,G_OH,mixed_b,1.0,0.5999999999999999,False,1.8,1000000000.0,False,False,0.032158400004846044,0.0,0.0,0.0,0.0,0.0,0.0,0.0,0.0,1000000000.0
lockin_only__k0_1,lockin_only,k0_1,mixed_b,0.0,0.7,False,0.001,25.285179904640277,True,False,11.262417055004335,0.11225526065987437,0.0,0.0,0.0,124.43419427290576,0.0,1.8794180969468606,0.0,3.189268888283621e-05
lockin_only__k0_1,lockin_only,k0_1,mixed_b,0.025,0.7,False,0.001584893192461114,20.005031031469006,True,False,10.883175328999641,0.05292274320582427,0.0,0.0,0.0,98.28951815579899,0.0,1.682703461976645,0.0,1.0796363566460267e-05
lockin_only__k0_1,lockin_only,k0_1,mixed_b,0.05,0.7,False,0.0025118864315095794,14.766396290262753,True,False,11.004869277996477,0.02632447966281802,0.0,0.0,0.0,72.3255809097353,0.0,1.4800684878415966,0.0,7.574074060890367e-06
lockin_only__k0_1,lockin_only,k0_1,mixed_b,0.07500000000000001,0.7,False,0.003981071705534973,9.88636567201755,True,False,10.994983805001539,0.015000854225734408,0.0,0.0,0.0,48.13093497445118,0.0,1.2858878202560002,0.0,4.711154844995159e-06
lockin_only__k0_1,lockin_only,k0_1,mixed_b,0.1,0.7,False,0.00630957344480193,5.866354720706043,True,False,10.27781838500232,0.010337548472776265,0.0,0.0,0.0,28.202012458844184,0.0,1.1194218852115887,0.0,1.711001662757443e-06
lockin_only__k0_1,lockin_only,k0_1,mixed_b,0.125,0.7,False,0.01,3.0641866024156,True,False,9.97872437699698,0.00850539458725541,0.0,0.0,0.0,14.360369282956679,0.0,0.9520577240858836,0.0,6.104481812744298e-07
lockin_only__k0_1,lockin_only,k0_1,mixed_b,0.15000000000000002,0.7,False,0.01584893192461114,1.481515309006188,True,False,10.104374754999299,0.007851129038029103,0.0,0.0,0.0,6.611104713275188,0.0,0.7886205868935583,0.0,1.1582416480042005e-07
lockin_only__k0_1,lockin_only,k0_1,mixed_b,0.17500000000000002,0.7,False,0.025118864315095808,0.8213540742396072,True,False,9.754991005000193,0.007689785035076318,0.0,0.0,0.0,3.3886190253506734,0.0,0.7104615544663538,0.0,6.345932768368042e-09
lockin_only__k0_1,lockin_only,k0_1,mixed_b,0.2,0.7,False,0.039810717055349734,0.668645296821157,True,False,9.508988697998575,0.007703363287322306,0.0,0.0,0.0,2.659340542384384,0.0,0.676182565127492,0.0,1.3306586732634989e-08
lockin_only__k0_1,lockin_only,k0_1,mixed_b,0.225,0.7,False,0.06309573444801933,0.7102601004074891,True,False,9.363521332998062,0.007701907294489689,0.0,0.0,0.0,2.8664788648282125,0.0,0.6771197084339438,0.0,2.148079931054947e-08
lockin_only__k0_1,lockin_only,k0_1,mixed_b,0.25,0.7,False,0.1,0.7854000863090008,True,False,9.200338169997849,0.0075503641472770295,0.0,0.0,0.0,3.1987588672493947,0.0,0.7206911996585733,0.0,4.897594308996064e-10
lockin_only__k0_1,lockin_only,k0_1,mixed_b,0.275,0.7,False,0.15848931924611143,0.8370732004143123,True,False,8.889029908001248,0.007144830305799799,0.0,0.0,0.0,3.36125855236363,0.0,0.8169626187200112,0.0,6.821211048710031e-10
lockin_only__k0_1,lockin_only,k0_1,mixed_b,0.30000000000000004,0.7,False,0.25118864315095824,0.8692444400452374,True,False,9.31287273599446,0.006475402270128557,0.0,0.0,0.0,3.3541161139565245,0.0,0.9856305354112733,0.0,1.4858825998127615e-07
lockin_only__k0_1,lockin_only,k0_1,mixed_b,0.325,0.7,False,0.3981071705534973,0.9155298321465374,True,False,9.2932049489973,0.00563361202202331,0.0,0.0,0.0,3.3537990254271586,0.0,1.2182164454304483,0.0,7.785305683662925e-08
lockin_only__k0_1,lockin_only,k0_1,mixed_b,0.35000000000000003,0.7,False,0.6309573444801936,1.0042682313286164,True,False,9.208014060001005,0.00470771605289824,0.0,0.0,0.0,3.428054480268515,0.0,1.5885789597711404,0.0,5.50528340409873e-10
lockin_only__k0_1,lockin_only,k0_1,mixed_b,0.375,0.7,False,1.0,0.9702401592769659,True,False,8.886300801001198,0.0037360522184111495,0.0,0.0,0.0,3.1884225739781247,0.0,1.6590421293438724,0.0,4.084442103108445e-08
lockin_only__k0_1,lockin_only,k0_1,mixed_b,0.4,0.7,False,1.584893192461114,0.7485142468258414,True,False,8.915250562000438,0.0027655087435681487,0.0,0.0,0.0,2.487936111475825,0.0,1.251869599001655,0.0,1.4908159183519046e-08
lockin_only__k0_1,lockin_only,k0_1,mixed_b,0.42500000000000004,0.7,False,2.5118864315095824,1000000000.0,False,False,0.05119302700040862,0.0,0.0,0.0,0.0,0.0,0.0,0.0,0.0,1000000000.0
lockin_only__k0_1,lockin_only,k0_1,mixed_b,0.45,0.7,False,3.981071705534973,0.31541834046454514,True,False,8.801213445003668,0.001138040810604955,0.0,0.0,0.0,0.9721774815183116,0.0,0.6037759971527389,0.0,1.8284107038619152e-07
lockin_only__k0_1,lockin_only,k0_1,mixed_b,0.47500000000000003,0.7,False,6.309573444801936,0.20107040199760884,True,False,8.857112650999625,0.0006110542612051082,0.0,0.0,0.0,0.6176058092327701,0.0,0.3871348787471709,0.0,2.677468982023636e-07
lockin_only__k0_1,lockin_only,k0_1,mixed_b,0.5,0.7,False,10.0,0.13126484778317213,True,False,9.164912774002005,0.00028825352641739305,0.0,0.0,0.0,0.4214172406080354,0.0,0.23461869180213094,0.0,5.2979276953376474e-08
lockin_only__k0_1,lockin_only,k0_1,mixed_b,0.525,0.7,False,15.848931924611142,0.08195529180160589,True,False,9.359636642002442,0.0001211943929248384,0.0,0.0,0.0,0.2767336031876897,0.0,0.13292163667171322,0.0,2.4755701656339315e-08
lockin_only__k0_1,lockin_only,k0_1,mixed_b,0.55,0.7,False,25.11886431509582,0.04658150254751711,True,False,9.123735916000442,4.693959246190987e-05,0.0,0.0,0.0,0.16348190908663432,0.0,0.06937862626810844,0.0,3.779038091323973e-08
lockin_only__k0_1,lockin_only,k0_1,mixed_b,0.5750000000000001,0.7,False,39.81071705534978,0.023548189507812876,True,False,9.023411236004904,1.7651085073057476e-05,0.0,0.0,0.0,0.08495601958852048,0.0,0.032767260274319476,0.0,1.6591151366866647e-08
lockin_only__k0_1,lockin_only,k0_1,mixed_b,0.6000000000000001,0.7,False,63.09573444801943,0.010392754719069133,True,False,9.30261673500354,7.2800255945030716e-06,0.0,0.0,0.0,0.03823510682769622,0.0,0.013721374590921102,0.0,1.2151133833958861e-08
lockin_only__k0_1,lockin_only,k0_1,mixed_b,0.625,0.7,False,100.0,0.0038770551548451453,True,False,9.394033700998989,3.5854851019537988e-06,0.0,0.0,0.0,0.014465152907192847,0.0,0.004916463886179549,0.0,7.349575137513166e-08
lockin_only__k0_1,lockin_only,k0_1,mixed_b,0.65,0.7,False,158.48931924611142,0.0011193507924792396,True,False,9.31077692299732,1.4632097528965238e-06,0.0,0.0,0.0,0.004220490847824371,0.0,0.0013747903110392812,0.0,9.593779650109585e-09
lockin_only__k0_1,lockin_only,k0_1,mixed_b,0.675,0.7,False,251.18864315095823,0.00018046704277568617,True,False,9.01521036599297,3.096131808262288e-07,0.0,0.0,0.0,0.0006859564067659431,0.0,0.00021601480982846288,0.0,5.438410319869516e-08
lockin_only__k0_1,lockin_only,k0_1,mixed_b,0.7,0.7,True,398.1071705534969,0.0,True,False,9.33706413100299,0.0,0.0,0.0,0.0,0.0,0.0,0.0,0.0,0.0
lockin_only__k0_1,lockin_only,k0_1,mixed_b,0.7250000000000001,0.7,False,630.9573444801943,7.865731362611931e-05,True,False,9.45185244899767,1.804136346476907e-07,0.0,0.0,0.0,0.0003013299792963421,0.0,9.169197653571496e-05,0.0,8.419866389177965e-08
lockin_only__k0_1,lockin_only,k0_1,mixed_b,0.75,0.7,False,1000.0,0.00021220819430891658,True,False,9.529290461003256,4.414890507278449e-07,0.0,0.0,0.0,0.0008141732822756745,0.0,0.000246408593258311,0.0,1.7606959869370222e-08
lockin_only__k0_1,lockin_only,k0_1,mixed_b,0.775,0.7,False,1584.893192461114,0.00033148153850134,True,False,10.08293058900017,6.898362281424293e-07,0.0,0.0,0.0,0.0012741377279776292,0.0,0.0003825762878412348,0.0,3.840459693495006e-09
lockin_only__k0_1,lockin_only,k0_1,mixed_b,0.8,0.7,False,2511.886431509582,0.00042211689976376875,True,False,9.952970389000257,8.604353960874032e-07,0.0,0.0,0.0,0.0016242254312983243,0.0,0.00048544211654989126,0.0,5.651557454097306e-08
lockin_only__k0_1,lockin_only,k0_1,mixed_b,0.8250000000000001,0.7,False,3981.0717055349774,0.00048474377807003575,True,False,10.302635812004155,9.72147492585566e-07,0.0,0.0,0.0,0.001866243113429287,0.0,0.0005563859713199498,0.0,1.1765810835664968e-07
lockin_only__k0_1,lockin_only,k0_1,mixed_b,0.8500000000000001,0.7,False,6309.573444801943,0.0005273791046607343,True,False,10.206401798001025,1.0500301667575298e-06,0.0,0.0,0.0,0.0020289676407004666,0.0,0.0006068368495536213,0.0,4.100288282581414e-08
lockin_only__k0_1,lockin_only,k0_1,mixed_b,0.875,0.7,False,10000.0,0.0005541544924151465,True,False,10.39867149299971,1.1077492102235106e-06,0.0,0.0,0.0,0.0021332627993017614,0.0,0.000636364456083583,0.0,3.745748016503172e-08
lockin_only__k0_1,lockin_only,k0_1,mixed_b,0.9,0.7,False,15848.93192461114,0.0005727079158558866,True,False,10.428806236996024,1.1372241367894408e-06,0.0,0.0,0.0,0.0022049937307457236,0.0,0.0006573058317365932,0.0,1.0279266032613754e-07
lockin_only__k0_1,lockin_only,k0_1,mixed_b,0.925,0.7,False,25118.864315095823,0.000584194510084216,True,False,10.397850517001643,1.1605192552829692e-06,0.0,0.0,0.0,0.002249821385137788,0.0,0.0006699900261631734,0.0,6.198648356526171e-10
lockin_only__k0_1,lockin_only,k0_1,mixed_b,0.9500000000000001,0.7,False,39810.71705534977,0.0005915713267640044,True,False,10.4258215200025,1.1929950762160023e-06,0.0,0.0,0.0,0.00227725073084874,0.0,0.0006794117599961594,0.0,1.1478989064098749e-09
lockin_only__k0_1,lockin_only,k0_1,mixed_b,0.9750000000000001,0.7,False,63095.73444801943,1000000000.0,False,False,0.029720701997575816,0.0,0.0,0.0,0.0,0.0,0.0,0.0,0.0,1000000000.0
lockin_only__k0_1,lockin_only,k0_1,mixed_b,1.0,0.7,False,100000.0,0.0005989597323604998,True,False,10.32534516799933,1.2265350844626604e-06,0.0,0.0,0.0,0.0023060566908975452,0.0,0.0006875008696020587,0.0,1.4566218431411834e-08
lockin_only__k0_2,lockin_only,k0_2,mixed_b,0.0,0.3,False,0.001,37.48626900161169,True,False,10.362659634003649,0.006246509342590465,0.0,0.0,0.0,186.13126260929428,0.0,1.2938357397063325,0.0,1.4971526195040838e-07
lockin_only__k0_2,lockin_only,k0_2,mixed_b,0.025,0.3,False,0.001584893192461114,1000000000.0,False,False,0.03791527899738867,0.0,0.0,0.0,0.0,0.0,0.0,0.0,0.0,1000000000.0
lockin_only__k0_2,lockin_only,k0_2,mixed_b,0.05,0.3,False,0.0025118864315095794,1000000000.0,False,False,0.03771087199856993,0.0,0.0,0.0,0.0,0.0,0.0,0.0,0.0,1000000000.0
lockin_only__k0_2,lockin_only,k0_2,mixed_b,0.07500000000000001,0.3,False,0.003981071705534973,1000000000.0,False,False,0.04333642099663848,0.0,0.0,0.0,0.0,0.0,0.0,0.0,0.0,1000000000.0
lockin_only__k0_2,lockin_only,k0_2,mixed_b,0.1,0.3,False,0.00630957344480193,1.6234365370751178,True,False,9.531219470001815,0.002897376215176734,0.0,0.0,0.0,6.71704350113747,0.0,1.3972417236903527,0.0,8.433258969039324e-08
lockin_only__k0_2,lockin_only,k0_2,mixed_b,0.125,0.3,False,0.01,1000000000.0,False,False,0.030222728004446253,0.0,0.0,0.0,0.0,0.0,0.0,0.0,0.0,1000000000.0
lockin_only__k0_2,lockin_only,k0_2,mixed_b,0.15000000000000002,0.3,False,0.01584893192461114,1000000000.0,False,False,0.02914931799750775,0.0,0.0,0.0,0.0,0.0,0.0,0.0,0.0,1000000000.0
lockin_only__k0_2,lockin_only,k0_2,mixed_b,0.17500000000000002,0.3,False,0.025118864315095808,2.3528138088450037,True,False,8.83906336400105,0.0008008036830129605,0.0,0.0,0.0,10.795031462173135,0.0,0.9682367534720516,0.0,2.489681969019869e-08
lockin_only__k0_2,lockin_only,k0_2,mixed_b,0.2,0.3,False,0.039810717055349734,1000000000.0,False,False,0.051117491006152704,0.0,0.0,0.0,0.0,0.0,0.0,0.0,0.0,1000000000.0
lockin_only__k0_2,lockin_only,k0_2,mixed_b,0.225,0.3,False,0.06309573444801933,2.138795988765181,True,False,8.920229439005197,0.0001884133798318852,0.0,0.0,0.0,10.31720019677811,0.0,0.37659120180252253,0.0,1.318654391076152e-07
lockin_only__k0_2,lockin_only,k0_2,mixed_b,0.25,0.3,False,0.1,1.5365298389530466,True,False,9.150143402999674,8.373319566760395e-05,0.0,0.0,0.0,7.536212694907005,0.0,0.14635275836588166,0.0,8.296678564657704e-09
lockin_only__k0_2,lockin_only,k0_2,mixed_b,0.275,0.3,False,0.15848931924611143,0.6319023033375326,True,False,9.05562096900394,2.6155095427889182e-05,0.0,0.0,0.0,3.1299554422520783,0.0,0.029529884856463847,0.0,3.448369313211663e-08
lockin_only__k0_2,lockin_only,k0_2,mixed_b,0.3,0.3,True,0.25118864315095796,0.0,True,False,9.581202945999394,0.0,0.0,0.0,0.0,0.0,0.0,0.0,0.0,0.0
lockin_only__k0_2,lockin_only,k0_2,mixed_b,0.325,0.3,False,0.3981071705534973,1.5886318048764374,True,False,9.174772587997722,6.210903903266856e-05,0.0,0.0,0.0,7.924678413032043,0.0,0.01841847870384748,0.0,2.3607262532504072e-08
lockin_only__k0_2,lockin_only,k0_2,mixed_b,0.35000000000000003,0.3,False,0.6309573444801936,9.059206465294826,True,False,9.53215746099886,0.00037198320312479107,0.0,0.0,0.0,45.236937722139366,0.0,0.05872261424617482,0.0,6.885470326383241e-09
lockin_only__k0_2,lockin_only,k0_2,mixed_b,0.375,0.3,False,1.0,1000000000.0,False,False,0.048925472001428716,0.0,0.0,0.0,0.0,0.0,0.0,0.0,0.0,1000000000.0
lockin_only__k0_2,lockin_only,k0_2,mixed_b,0.4,0.3,False,1.584893192461114,57.38326316109817,True,False,9.653972754000279,0.001988665661069737,0.0,0.0,0.0,286.760450454645,0.0,0.15387668518465436,0.0,8.554975648682346e-14
lockin_only__k0_2,lockin_only,k0_2,mixed_b,0.42500000000000004,0.3,False,2.5118864315095824,101.87079677522698,True,False,10.14938328700373,0.002884733380915487,0.0,0.0,0.0,509.1502220111103,0.0,0.20087711933483868,0.0,1.2308745138138732e-08
lockin_only__k0_2,lockin_only,k0_2,mixed_b,0.45,0.3,False,3.981071705534973,158.70366223364402,True,False,9.817658195002878,0.004489349174934526,0.0,0.0,0.0,793.2632832160365,0.0,0.2505385915748939,0.0,1.1433877517001881e-08
lockin_only__k0_2,lockin_only,k0_2,mixed_b,0.47500000000000003,0.3,False,6.309573444801936,225.0566195239904,True,False,9.882291362002434,0.007904092408402863,0.0,0.0,0.0,1124.9578501492515,0.0,0.31734336596138374,0.0,1.2330830409063056e-08
lockin_only__k0_2,lockin_only,k0_2,mixed_b,0.5,0.3,False,10.0,297.1939774311985,True,False,9.874644449002517,0.01252836784769245,0.0,0.0,0.0,1485.5434708336472,0.0,0.41388794376330246,0.0,1.0734552458294273e-08
lockin_only__k0_2,lockin_only,k0_2,mixed_b,0.525,0.3,False,15.848931924611142,371.6925943298695,True,False,10.15398422400176,0.01696538749197739,0.0,0.0,0.0,1857.9137652591312,0.0,0.5322409238185397,0.0,7.890564197567262e-08
lockin_only__k0_2,lockin_only,k0_2,mixed_b,0.55,0.3,False,25.11886431509582,1000000000.0,False,False,0.03379439900163561,0.0,0.0,0.0,0.0,0.0,0.0,0.0,0.0,1000000000.0
lockin_only__k0_2,lockin_only,k0_2,mixed_b,0.5750000000000001,0.3,False,39.81071705534978,513.078820738176,True,False,10.30056634900393,0.01891555608514222,0.0,0.0,0.0,2564.567546059264,0.0,0.8076420110339785,0.0,6.44966153336695e-08
lockin_only__k0_2,lockin_only,k0_2,mixed_b,0.6000000000000001,0.3,False,63.09573444801943,570.0077082975788,True,False,10.03227340200101,0.01773907408019043,0.0,0.0,0.0,2849.072049652086,0.0,0.9487527609147579,0.0,8.130962438441553e-10
lockin_only__k0_2,lockin_only,k0_2,mixed_b,0.625,0.3,False,100.0,1000000000.0,False,False,0.029643444999237545,0.0,0.0,0.0,0.0,0.0,0.0,0.0,0.0,1000000000.0
lockin_only__k0_2,lockin_only,k0_2,mixed_b,0.65,0.3,False,158.48931924611142,641.0710709717116,True,False,10.610517943998275,0.015734217141928162,0.0,0.0,0.0,3204.1768027817507,0.0,1.1628178291341444,0.0,3.053148089987289e-08
lockin_only__k0_2,lockin_only,k0_2,mixed_b,0.675,0.3,False,251.18864315095823,658.9833696165496,True,False,10.65100029399764,0.017604809944998218,0.0,0.0,0.0,3293.6548110368285,0.0,1.2444322359562348,0.0,1.829356650569847e-11
lockin_only__k0_2,lockin_only,k0_2,mixed_b,0.7000000000000001,0.3,False,398.1071705534977,1000000000.0,False,False,0.02875938399665756,0.0,0.0,0.0,0.0,0.0,0.0,0.0,0.0,1000000000.0
lockin_only__k0_2,lockin_only,k0_2,mixed_b,0.7250000000000001,0.3,False,630.9573444801943,676.09192642884,True,False,11.01649941499636,0.013454817258261791,0.0,0.0,0.0,3379.1112959386674,0.0,1.3348813432689761,0.0,4.500541292913353e-08
lockin_only__k0_2,lockin_only,k0_2,mixed_b,0.75,0.3,False,1000.0,679.8425857365685,True,False,11.20136751600512,0.013011859211585364,0.0,0.0,0.0,3397.8424471131616,0.0,1.3574694818418838,0.0,2.2862763333215195e-07
lockin_only__k0_2,lockin_only,k0_2,mixed_b,0.775,0.3,False,1584.893192461114,682.0946650408533,True,False,11.644008429000678,0.014156746783327593,0.0,0.0,0.0,3409.0875772252643,0.0,1.371591227534335,0.0,4.684906310069603e-09
lockin_only__k0_2,lockin_only,k0_2,mixed_b,0.8,0.3,False,2511.886431509582,683.4621192563461,True,False,11.762664235997363,0.01560933662200173,0.0,0.0,0.0,3415.9146285561446,0.0,1.3803578175162352,0.0,5.71447172943309e-07
lockin_only__k0_2,lockin_only,k0_2,mixed_b,0.8250000000000001,0.3,False,3981.0717055349774,684.2943412251627,True,False,12.129861453002377,0.016962344159813014,0.0,0.0,0.0,3420.0689445211246,0.0,1.3857978752530347,0.0,1.385276282681248e-06
lockin_only__k0_2,lockin_only,k0_2,mixed_b,0.8500000000000001,0.3,False,6309.573444801943,684.8089609298185,True,False,11.793178293002711,0.018136426503283704,0.0,0.0,0.0,3422.6374236357706,0.0,1.3892402668981632,0.0,4.3199206945785614e-06
lockin_only__k0_2,lockin_only,k0_2,mixed_b,0.875,0.3,False,10000.0,685.1272694890523,True,False,12.048754730996734,0.018994780737414223,0.0,0.0,0.0,3424.225955695382,0.0,1.3913909284942745,0.0,6.0406479713059295e-06
lockin_only__k0_2,lockin_only,k0_2,mixed_b,0.9,0.3,False,15848.93192461114,685.3266523165565,True,False,12.5934796549991,0.01957643682148908,0.0,0.0,0.0,3425.2209364148425,0.0,1.3927431796788738,0.0,5.551440160704568e-06
lockin_only__k0_2,lockin_only,k0_2,mixed_b,0.925,0.3,False,25118.864315095823,685.4504755854769,True,False,12.448323582997546,0.01996218181913845,0.0,0.0,0.0,3425.838812652957,0.0,1.3935959860958635,0.0,7.106511994022385e-06
lockin_only__k0_2,lockin_only,k0_2,mixed_b,0.9500000000000001,0.3,False,39810.71705534977,685.5337704401602,True,False,12.94251444600377,0.020214038208997795,0.0,0.0,0.0,3426.2545069924963,0.0,1.394124326447278,0.0,6.8436490618508785e-06
lockin_only__k0_2,lockin_only,k0_2,mixed_b,0.9750000000000001,0.3,False,63095.73444801943,1000000000.0,False,False,0.028896284995425958,0.0,0.0,0.0,0.0,0.0,0.0,0.0,0.0,1000000000.0
lockin_only__k0_2,lockin_only,k0_2,mixed_b,1.0,0.3,False,100000.0,685.6300393241729,True,False,12.580397205994814,0.020474613398281907,0.0,0.0,0.0,3426.735018818599,0.0,1.3946952481637487,0.0,7.940703391302769e-06
lockin_only__k0_3,lockin_only,k0_3,mixed_b,0.0,0.65,False,0.001,107.62702654707672,True,True,9.054672869999195,339.3816099883944,0.0,0.0,0.0,95.05293424964862,0.0,3.7005884973406458,0.0,100.0
lockin_only__k0_3,lockin_only,k0_3,mixed_b,0.025,0.65,False,0.001584893192461114,107.3408457864866,True,True,9.158744678003131,338.7211310928335,0.0,0.0,0.0,95.0535509882585,0.0,2.929546851341014,0.0,100.0
lockin_only__k0_3,lockin_only,k0_3,mixed_b,0.05,0.65,False,0.0025118864315095794,107.21713506890578,True,True,9.182626721005363,338.04884159610833,0.0,0.0,0.0,95.05412083100735,0.0,2.982712917413264,0.0,100.0
lockin_only__k0_3,lockin_only,k0_3,mixed_b,0.07500000000000001,0.65,False,0.003981071705534973,106.89368221455837,True,True,9.30143231099646,336.68537352835267,0.0,0.0,0.0,95.05404694918568,0.0,2.7289905952534084,0.0,100.0
lockin_only__k0_3,lockin_only,k0_3,mixed_b,0.1,0.65,False,0.00630957344480193,106.53062815987057,True,True,9.313401585000975,334.734029084389,0.0,0.0,0.0,95.04936801586263,0.0,2.8697436991012153,0.0,100.0
lockin_only__k0_3,lockin_only,k0_3,mixed_b,0.125,0.65,False,0.01,105.86097250001512,True,True,9.398085570006515,331.6454149416576,0.0,0.0,0.0,95.04944047642583,0.0,2.610007081992158,0.0,100.0
lockin_only__k0_3,lockin_only,k0_3,mixed_b,0.15000000000000002,0.65,False,0.01584893192461114,104.83101278876775,True,True,9.227466729003936,326.73942943073575,0.0,0.0,0.0,95.03836691983429,0.0,2.377267593268712,0.0,100.0
lockin_only__k0_3,lockin_only,k0_3,mixed_b,0.17500000000000002,0.65,False,0.025118864315095808,103.3067715212017,True,True,9.662741856001958,319.10361838869704,0.0,0.0,0.0,95.03050679581705,0.0,2.3997324214943556,0.0,100.0
lockin_only__k0_3,lockin_only,k0_3,mixed_b,0.2,0.65,False,0.039810717055349734,100.94139207991559,True,True,9.653187775002152,307.41051280093814,0.0,0.0,0.0,95.01504041874952,0.0,2.2814071798902917,0.0,100.0
lockin_only__k0_3,lockin_only,k0_3,mixed_b,0.225,0.65,False,0.06309573444801933,97.36651096307443,True,True,9.09687097099959,289.6413850633525,0.0,0.0,0.0,94.98979912368429,0.0,2.2013706283353933,0.0,100.0
lockin_only__k0_3,lockin_only,k0_3,mixed_b,0.25,0.65,False,0.1,92.18322184693685,True,True,9.334322893002536,263.8548771118383,0.0,0.0,0.0,94.94454163640773,0.0,2.1166904864381837,0.0,100.0
lockin_only__k0_3,lockin_only,k0_3,mixed_b,0.275,0.65,False,0.15848931924611143,85.08745608301939,True,True,9.280121361996862,228.56089177658254,0.0,0.0,0.0,94.8772279627857,0.0,1.999160675728734,0.0,100.0
lockin_only__k0_3,lockin_only,k0_3,mixed_b,0.30000000000000004,0.65,False,0.25118864315095824,76.6197184878114,True,True,9.329979919995822,186.42517808454514,0.0,0.0,0.0,94.76874556389886,0.0,1.9046687906129467,0.0,100.0
lockin_only__k0_3,lockin_only,k0_3,mixed_b,0.325,0.65,False,0.3981071705534973,69.82857851885018,True,True,9.308762649001437,152.73928170424628,0.0,0.0,0.0,94.59525706541669,0.0,1.8083538245879376,0.0,100.0
lockin_only__k0_3,lockin_only,k0_3,mixed_b,0.35000000000000003,0.65,False,0.6309573444801936,52.69243269878009,True,True,9.339862742999685,67.44982197814598,0.0,0.0,0.0,94.31624638643237,0.0,1.6960951293220998,0.0,100.0
lockin_only__k0_3,lockin_only,k0_3,mixed_b,0.375,0.65,False,1.0,45.71128355843923,True,True,9.012686974005192,33.11447948808552,0.0,0.0,0.0,93.86942141542633,0.0,1.572516888684274,0.0,100.0
lockin_only__k0_3,lockin_only,k0_3,mixed_b,0.4,0.65,False,1.584893192461114,42.76104452881769,True,True,9.289475338999182,19.22854503606024,0.0,0.0,0.0,93.13868900559498,0.0,1.4379886024332673,0.0,100.0
lockin_only__k0_3,lockin_only,k0_3,mixed_b,0.42500000000000004,0.65,False,2.5118864315095824,41.320670111381574,True,True,9.378575611000997,13.373217006250442,0.0,0.0,0.0,91.94461705042261,0.0,1.2855165002348223,0.0,100.0
lockin_only__k0_3,lockin_only,k0_3,mixed_b,0.45,0.65,False,3.981071705534973,40.336102711697755,True,True,9.456563425002969,10.583623977847965,0.0,0.0,0.0,89.98363015873609,0.0,1.1132594219046965,0.0,100.0
lockin_only__k0_3,lockin_only,k0_3,mixed_b,0.47500000000000003,0.65,False,6.309573444801936,39.31651316339498,True,True,9.129927655005304,8.852495723511161,0.0,0.0,0.0,86.79825679939063,0.0,0.9318132940730995,0.0,100.0
lockin_only__k0_3,lockin_only,k0_3,mixed_b,0.5,0.65,False,10.0,37.971788941628006,True,True,9.41480595599569,7.369575083384603,0.0,0.0,0.0,81.74233018658614,0.0,0.7470394381692916,0.0,100.0
lockin_only__k0_3,lockin_only,k0_3,mixed_b,0.525,0.65,False,15.848931924611142,16.08191818973096,True,False,9.415098572004354,5.845276747586565,0.0,0.0,0.0,73.9990252204553,0.0,0.5652888617874304,0.0,1.1882549141565695e-07
lockin_only__k0_3,lockin_only,k0_3,mixed_b,0.55,0.65,False,25.11886431509582,13.464785425673663,True,False,9.322938532997796,4.245706897514802,0.0,0.0,0.0,62.68288068869322,0.0,0.3953395387584542,0.0,3.4018389047213893e-09
lockin_only__k0_3,lockin_only,k0_3,mixed_b,0.5750000000000001,0.65,False,39.81071705534978,10.031225804439803,True,False,9.381964425003389,2.673573508792428,0.0,0.0,0.0,47.23959631748498,0.0,0.24295916986375388,0.0,2.605785409952098e-08
lockin_only__k0_3,lockin_only,k0_3,mixed_b,0.6000000000000001,0.65,False,63.09573444801943,5.951149198307165,True,False,9.508432041999185,1.3081148063589296,0.0,0.0,0.0,28.329643659078748,0.0,0.11798749178630916,0.0,3.431183906681157e-08
lockin_only__k0_3,lockin_only,k0_3,mixed_b,0.625,0.65,False,100.0,1.9887476077367885,True,False,9.502094826995744,0.35381341832590774,0.0,0.0,0.0,9.557998578507059,0.0,0.03192602713539988,0.0,1.471557662846264e-08
lockin_only__k0_3,lockin_only,k0_3,mixed_b,0.65,0.65,True,158.48931924611142,0.0,True,False,9.186067422000633,0.0,0.0,0.0,0.0,0.0,0.0,0.0,0.0,0.0
lockin_only__k0_3,lockin_only,k0_3,mixed_b,0.675,0.65,False,251.18864315095823,3.460784490819394,True,False,9.544749704000424,0.395304733349768,0.0,0.0,0.0,16.873354440898,0.0,0.035263277651403,0.0,2.1977967261739523e-09
lockin_only__k0_3,lockin_only,k0_3,mixed_b,0.7000000000000001,0.65,False,398.1071705534977,17.781541914075255,True,False,9.499944057002722,1.6375824930857819,0.0,0.0,0.0,87.12935984893068,0.0,0.14076685465569863,0.0,3.7370411879976885e-07
lockin_only__k0_3,lockin_only,k0_3,mixed_b,0.7250000000000001,0.65,False,630.9573444801943,50.22651220465533,True,False,9.47003441000561,3.772886199592314,0.0,0.0,0.0,247.05149140368857,0.0,0.3081826825531641,0.0,7.374425976675397e-07
lockin_only__k0_3,lockin_only,k0_3,mixed_b,0.75,0.65,False,1000.0,109.56273511648241,True,False,9.72084830699896,6.803036136732715,0.0,0.0,0.0,540.4840158080599,0.0,0.5266213820605983,0.0,2.2555588314404227e-06
lockin_only__k0_3,lockin_only,k0_3,mixed_b,0.775,0.65,False,1584.893192461114,205.74325850548172,True,False,9.721819056998356,10.698439274574472,0.0,0.0,0.0,1017.2288226668873,0.0,0.7890269393296595,0.0,3.6466172227115093e-06
lockin_only__k0_3,lockin_only,k0_3,mixed_b,0.8,0.65,False,2511.886431509582,349.8094428561458,True,False,9.511044666003727,15.411210139328956,0.0,0.0,0.0,1732.539966903541,0.0,1.0960330610564077,0.0,4.176802653755668e-06
lockin_only__k0_3,lockin_only,k0_3,mixed_b,0.8250000000000001,0.65,False,3981.0717055349774,553.7422298073363,True,False,9.810481856002298,20.891165831879114,0.0,0.0,0.0,2746.3311881077216,0.0,1.4887869743378397,0.0,8.122742607067945e-06
lockin_only__k0_3,lockin_only,k0_3,mixed_b,0.8500000000000001,0.65,False,6309.573444801943,829.8549027670917,True,False,9.619867761000933,27.100114143566564,0.0,0.0,0.0,4120.339625610442,0.0,1.8347644289018674,0.0,9.652548454343298e-06
lockin_only__k0_3,lockin_only,k0_3,mixed_b,0.875,0.65,False,10000.0,1188.242101509063,True,False,9.765488838995225,34.021674581705234,0.0,0.0,0.0,5904.78190382559,0.0,2.4069235740766377,0.0,5.56394368682963e-06
lockin_only__k0_3,lockin_only,k0_3,mixed_b,0.9,0.65,False,15848.93192461114,1633.023069446967,True,False,10.026764797999931,41.65888332487805,0.0,0.0,0.0,8120.216663506462,0.0,3.2392075334088606,0.0,0.000592870085315643
lockin_only__k0_3,lockin_only,k0_3,mixed_b,0.925,0.65,False,25118.864315095823,2171.7754899466845,True,False,9.794168307998916,50.02552317619781,0.0,0.0,0.0,10804.77125629115,0.0,4.0753257368947,0.0,0.0053445291806689735
lockin_only__k0_3,lockin_only,k0_3,mixed_b,0.9500000000000001,0.65,False,39810.71705534977,2827.662519897567,True,True,9.239843652001582,59.12176727657031,0.0,0.0,0.0,13974.261620762461,0.0,4.929211448803349,0.0,100.0
lockin_only__k0_3,lockin_only,k0_3,mixed_b,0.9750000000000001,0.65,False,63095.73444801943,3557.8102439700438,True,True,9.25918886299769,68.91002078473007,0.0,0.0,0.0,17614.297940023018,0.0,5.843259042469768,0.0,100.0
lockin_only__k0_3,lockin_only,k0_3,mixed_b,1.0,0.65,False,100000.0,4373.3368530539765,True,True,9.259105377001106,79.28492161782938,0.0,0.0,0.0,21680.543586505206,0.0,6.855757146849739,0.0,100.0
