candidate_id,unit_k0_1,encoded_k0_1,physical_k0_1,unit_k0_2,encoded_k0_2,physical_k0_2,unit_k0_3,encoded_k0_3,physical_k0_3,unit_G_OH,encoded_G_OH,physical_G_OH,unit_G_O,encoded_G_O,physical_G_O
0,0.9317029537633061,4.453623630106449,28419.970978592082,0.1052422747015953,-2.1580618023872375,0.006949254190127192,0.8845277959480882,4.076222367584705,11918.521042781715,0.3549931636080146,1.1549931636080146,1.1549931636080146,0.8288857946172357,3.194662953540683,3.194662953540683
1,0.1840206952765584,-1.5278344377875328,0.02965961861221892,0.8315150989219546,3.652120791375637,4488.702179333561,0.19995452743023634,-1.4003637805581093,0.0397773841402594,0.7700491836294532,1.5700491836294532,1.5700491836294532,0.037463544867932796,2.2449562538415195,2.2449562538415195
2,0.2740418165922165,-0.8076654672622681,0.15571646382514776,0.266264108940959,-0.8698871284723282,0.13493135186122124,0.5918157994747162,1.7345263957977295,54.26582323182952,0.1445647869259119,0.944564786925912,0.944564786925912,0.352058089338243,2.622469707205892,2.622469707205892
3,0.5301583707332611,1.2412669658660889,17.428779114787993,0.539167788811028,1.313342310488224,20.57511685739013,0.276388892903924,-0.7888888567686081,0.1625964814137314,0.7295393440872431,1.5295393440872431,1.5295393440872431,0.5293972129002213,2.8352766554802655,2.8352766554802655
4,0.7049913443624973,2.6399307548999786,436.44623851022607,0.43342044297605753,0.46736354380846024,2.9333476954559514,0.10738898534327745,-2.1408881172537804,0.007229560272154995,0.5589543152600527,1.3589543152600527,1.3589543152600527,0.6357798669487238,2.9629358403384685,2.9629358403384685
5,0.4605369158089161,0.6842953264713287,4.833874006608319,0.6283512357622385,2.026809886097908,106.36772879056666,0.7900014882907271,3.320011906325817,2089.3534103786287,0.06577329523861408,0.8657732952386141,0.8657732952386141,0.4976283200085163,2.7971539840102198,2.7971539840102198
6,0.11269947234541178,-2.098404221236706,0.007972522962305136,0.1881779721006751,-1.4945762231945992,0.03202018057865501,0.43183209374547005,0.4546567499637604,2.848765820058348,0.9412426417693496,1.7412426417693496,1.7412426417693496,0.17510787770152092,2.4101294532418254,2.4101294532418254
7,0.8643522346392274,3.914817877113819,8218.979119495732,0.9922396205365658,4.937916964292526,86679.61312826784,0.749219773337245,2.99375818669796,985.7304823056405,0.4343930846080184,1.2343930846080184,1.2343930846080184,0.9431948233395815,3.331833788007498,3.331833788007498
8,0.7510450454428792,3.0083603635430336,1019.4369330645483,0.3386889174580574,-0.29048866033554077,0.512284646119857,0.48657919093966484,0.8926335275173187,7.809685186154757,0.026252728886902332,0.8262527288869024,0.8262527288869024,0.06794541329145432,2.2815344959497454,2.2815344959497454
9,0.00725672859698534,-2.9419461712241173,0.001143019998009104,0.5961201889440417,1.7689615115523338,58.74372898114599,0.6789573188871145,2.431658551096916,270.1833306552185,0.5995079400017858,1.3995079400017858,1.3995079400017858,0.7998384889215231,3.159806186705828,3.159806186705828
10,0.4097892940044403,0.27831435203552246,1.8980792962540103,0.03290720097720623,-2.73674239218235,0.0018334016075856946,0.03663827944546938,-2.706893764436245,0.00196384060575461,0.4740387126803398,1.2740387126803399,1.2740387126803399,0.6228862088173628,2.9474634505808353,2.9474634505808353
11,0.6619890183210373,2.2959121465682983,197.65697593663063,0.7744693281129003,3.195754624903202,1569.4758045969627,0.8442603340372443,3.7540826722979546,5676.526534838182,0.9008138403296471,1.700813840329647,1.700813840329647,0.2610407769680023,2.513248932361603,2.513248932361603
12,0.6044040508568287,1.8352324068546295,68.42777313507499,0.13552648667246103,-1.9157881066203117,0.012139810104103638,0.5219386741518974,1.1755093932151794,14.979916522724661,0.8254247903823853,1.6254247903823853,1.6254247903823853,0.4046551464125514,2.685586175695062,2.685586175695062
13,0.35604608431458473,-0.15163132548332214,0.7052915400330825,0.924298832193017,4.394390657544136,24796.51556457585,0.3315060306340456,-0.3479517549276352,0.4487952431025264,0.29904457926750183,1.0990445792675019,1.0990445792675019,0.727318954654038,3.0727827455848455,3.0727827455848455
14,0.1957048261538148,-1.4343613907694817,0.036782276879508774,0.48597855772823095,0.8878284618258476,7.72375451023089,0.9391566226258874,4.513252981007099,32602.65595269822,0.6745288567617536,1.4745288567617536,1.4745288567617536,0.9122140603139997,3.2946568723767995,3.2946568723767995
15,0.9512687558308244,4.610150046646595,40752.10500398048,0.6963817588984966,2.571054071187973,372.43807321597353,0.1295890910550952,-1.9632872715592384,0.010882100399548766,0.2008787291124463,1.0008787291124464,1.0008787291124464,0.2036164803430438,2.4443397764116526,2.4443397764116526
16,0.988991878926754,4.911935031414032,81646.02232857724,0.44450610782951117,0.5560488626360893,3.5978981296627714,0.6371675431728363,2.0973403453826904,125.12392099894726,0.9726768964901567,1.7726768964901567,1.7726768964901567,0.532596810720861,2.839116172865033,2.839116172865033
17,0.23708326369524002,-1.1033338904380798,0.07882538662442233,0.7495748363435268,2.9965986907482147,992.1987846900535,0.44673491455614567,0.5738793164491653,3.7486881766960223,0.4013748103752732,1.2013748103752733,1.2013748103752733,0.3359171310439706,2.603100557252765,2.603100557252765
18,0.33418447244912386,-0.3265242204070091,0.47149357561954813,0.18389778677374125,-1.52881770581007,0.02959254346646069,0.839542263187468,3.7163381054997444,5204.009797148344,0.5269124619662762,1.3269124619662762,1.3269124619662762,0.024565049447119236,2.229478059336543,2.229478059336543
19,0.5784141020849347,1.6273128166794777,42.39482205025872,0.8798356596380472,4.038685277104378,10931.638892565516,0.02997471671551466,-2.7602022662758827,0.0017369916619821844,0.09818420931696892,0.898184209316969,0.898184209316969,0.8591163670644164,3.2309396404773,3.2309396404773
20,0.6555304387584329,2.244243510067463,175.48641830398236,0.022684751078486443,-2.8185219913721085,0.0015187210365990764,0.351819533854723,-0.1854437291622162,0.6524635741779856,0.17563151195645332,0.9756315119564534,0.9756315119564534,0.9948105551302433,3.393772666156292,3.393772666156292
21,0.3996463129296899,0.19717050343751907,1.5746009293687686,0.7964124055579305,3.3712992444634438,2351.2523599704996,0.5441976767033339,1.3535814136266708,22.572591056995922,0.7000585980713367,1.5000585980713368,1.5000585980713368,0.1369179729372263,2.364301567524672,2.364301567524672
22,0.06035379692912102,-2.517169624567032,0.0030396975639205713,0.3558102175593376,-0.15351825952529907,0.7022338183186475,0.18703533429652452,-1.5037173256278038,0.03135325786801671,0.3245359370484948,1.1245359370484949,1.1245359370484949,0.44034201093018055,2.7284104131162166,2.7284104131162166
23,0.8082995377480984,3.466396301984787,2926.8219403993635,0.5829070163890719,1.6632561311125755,46.052809625193824,0.9946573739871383,4.957258991897106,90627.28964199766,0.8001391896978021,1.6001391896978021,1.6001391896978021,0.6762185655534267,3.011462278664112,3.011462278664112
24,0.8278653100132942,3.6229224801063538,4196.840653143457,0.24045370426028967,-1.0763703659176826,0.08387444010166119,0.2421486573293805,-1.062810741364956,0.08653449401958947,0.6459036571905017,1.4459036571905017,1.4459036571905017,0.30098350904881954,2.5611802108585837,2.5611802108585837
25,0.0720379576086998,-2.4236963391304016,0.0037696728426491405,0.9516808800399303,4.613447040319443,41062.6563305766,0.9247611751779914,4.398089401423931,25008.6012173673,0.2288945121690631,1.0288945121690631,1.0288945121690631,0.5651193037629128,2.878143164515495,2.878143164515495
26,0.4816506104543805,0.8532048836350441,7.131894064390062,0.3880399251356721,0.10431940108537674,1.2715088903199412,0.2814350239932537,-0.7485198080539703,0.17843506029355358,0.8544172924011946,1.6544172924011946,1.6544172924011946,0.7621598094701767,3.114591771364212,3.114591771364212
27,0.7297760890796781,2.8382087126374245,688.9833274428714,0.6776362452656031,2.4210899621248245,263.6877546435589,0.5988226886838675,1.7905815094709396,61.74211601575194,0.2713958602398634,1.0713958602398634,1.0713958602398634,0.1200264822691679,2.344031778723002,2.344031778723002
28,0.5354117462411523,1.2832939699292183,19.199679094926882,0.28728984110057354,-0.7016812711954117,0.1987553047798486,0.7692988822236657,3.1543910577893257,1426.8918512868731,0.4401629325002432,1.2401629325002432,1.2401629325002432,0.23435815889388323,2.48122979067266,2.48122979067266
29,0.28343688044697046,-0.7325049564242363,0.18513777650719992,0.5298590483143926,1.2388723865151405,17.3329461005645,0.08472562860697508,-2.3221949711441994,0.00476217147001679,0.9352970775216818,1.7352970775216818,1.7352970775216818,0.8997810212895274,3.279737225547433,3.279737225547433
30,0.13164054974913597,-1.9468756020069122,0.011301195763372006,0.09111175686120987,-2.271105945110321,0.00535665967129121,0.6914302036166191,2.531441628932953,339.9708091779934,0.059759306721389294,0.8597593067213893,0.8597593067213893,0.7106821490451694,3.052818578854203,3.052818578854203
31,0.8756846599280834,4.005477279424667,10126.917673873486,0.8495501084253192,3.7964008674025536,6257.500131437882,0.3760032821446657,0.008026257157325745,1.0186529732778755,0.5646557388827205,1.3646557388827205,1.3646557388827205,0.4073740290477872,2.6888488348573447,2.6888488348573447
32,0.8909367313608527,4.127493850886822,13412.00945399425,0.25049090292304754,-0.9960727766156197,0.10090837753497736,0.04837781470268965,-2.612977482378483,0.002437937219063984,0.788995229639113,1.588995229639113,1.588995229639113,0.9624254545196891,3.3549105454236265,3.3549105454236265
33,0.1466600140556693,-1.8267198875546455,0.014903219997569639,0.5549192391335964,1.4393539130687714,27.501343658137255,0.8638027096167207,3.9104216769337654,8136.2011480014435,0.3368331724777818,1.1368331724777818,1.1368331724777818,0.17101158294826746,2.4052138995379213,2.4052138995379213
34,0.2996808607131243,-0.6025531142950058,0.24971629669878267,0.12098514381796122,-2.0321188494563103,0.009287121997043173,0.47490175999701023,0.7992140799760818,6.2981656646766195,0.711325716227293,1.511325716227293,1.511325716227293,0.47046119812875986,2.764553437754512,2.764553437754512
35,0.5513924229890108,1.4111393839120865,25.77148142764063,0.8157943431288004,3.526354745030403,3360.119670407864,0.6594768017530441,2.275814414024353,188.7184730828546,0.16345719620585442,0.9634571962058545,0.9634571962058545,0.6478088414296508,2.9773706097155808,2.9773706097155808
36,0.7457604613155127,2.9660836905241013,924.876384657152,0.20369958691298962,-1.370403304696083,0.04261835624345148,0.9587371861562133,4.669897489249706,46762.47502416916,0.10957162454724312,0.9095716245472432,0.9095716245472432,0.5022301413118839,2.802676169574261,2.802676169574261
37,0.49789089523255825,0.983127161860466,9.6189388064923,0.9767248602584004,4.8137988820672035,65132.670057704716,0.1413515480235219,-1.8691876158118248,0.01351488592139816,0.5148586817085743,1.3148586817085743,1.3148586817085743,0.36408700980246067,2.636904411762953,2.636904411762953
38,0.08706135582178831,-2.3035091534256935,0.004971538953300866,0.4179295226931572,0.34343618154525757,2.205140072933113,0.5024199914187193,1.0193599313497543,10.455864135613039,0.39035061094909906,1.190350610949099,1.190350610949099,0.056694092229008675,2.2680329106748105,2.2680329106748105
39,0.8431134475395083,3.7449075803160667,5557.859711034921,0.6438356591388583,2.1506852731108665,141.4768146489764,0.31980568543076515,-0.4415545165538788,0.36178077390160823,0.9850941309705377,1.7850941309705377,1.7850941309705377,0.8247895799577236,3.1897474959492684,3.1897474959492684
40,0.7922976454719901,3.338381163775921,2179.6219045094344,0.04842106904834509,-2.6126314476132393,0.002439880479320789,0.5723019149154425,1.5784153193235397,37.88046655226973,0.5845220191404223,1.3845220191404224,1.3845220191404224,0.20001991651952267,2.4400238998234274,2.4400238998234274
41,0.04412722494453192,-2.6469822004437447,0.0022543316040238514,0.758946817368269,3.0715745389461517,1179.1648886191983,0.2646819017827511,-0.8825447857379913,0.1310554887081576,0.04055939149111509,0.8405593914911151,0.8405593914911151,0.9319215193390846,3.3183058232069014,3.3183058232069014
42,0.38463662751019,0.07709302008152008,1.1942438681697667,0.3232055092230439,-0.41435592621564865,0.38516256814457756,0.9041016539558768,4.232813231647015,17092.80081065589,0.9150673430413008,1.7150673430413008,1.7150673430413008,0.7388481944799423,3.086617833375931,3.086617833375931
43,0.6402647811919451,2.1221182495355606,132.47021754970248,0.6116121206432581,1.8928969651460648,78.14423881083253,0.2117217229679227,-1.3062262162566185,0.04940532764045734,0.45899963192641735,1.2589996319264174,1.2589996319264174,0.3770111929625273,2.6524134315550327,2.6524134315550327
44,0.5631447490304708,1.5051579922437668,32.00059049317988,0.47022811882197857,0.7618249505758286,5.778630833848718,0.4201632160693407,0.36130572855472565,2.297765627803138,0.25128612481057644,1.0512861248105765,1.0512861248105765,0.27256998140364885,2.5270839776843785,2.5270839776843785
45,0.31917848251760006,-0.4465721398591995,0.3576249912115867,0.7121559800580144,2.697247840464115,498.0212115358468,0.7297287359833717,2.837829887866974,688.3826056721637,0.8733737524598837,1.6733737524598837,1.6733737524598837,0.5952422944828868,2.914290753379464,2.914290753379464
46,0.22085275780409575,-1.233177937567234,0.058455053513934395,0.1512463465332985,-1.790029227733612,0.01621700954276414,0.11911805998533964,-2.047055520117283,0.008973140747211885,0.248881327919662,1.048881327919662,1.048881327919662,0.7962419940158725,3.155490392819047,3.155490392819047
47,0.9729939205572009,4.783951364457607,60806.69015887518,0.9085550708696246,4.268440566956997,18554.12879476386,0.8095524767413735,3.4764198139309883,2995.1585295366954,0.6268240390345454,1.4268240390345455,1.4268240390345455,0.08765280712395906,2.305183368548751,2.305183368548751
48,0.9677568767219782,4.7420550137758255,55214.73775127429,0.16836770623922348,-1.6530583500862122,0.022230111956079122,0.30101760663092136,-0.5918591469526291,0.25594158377374954,0.4144607773050666,1.2144607773050666,1.2144607773050666,0.6641862401738763,2.9970234882086517,2.9970234882086517
49,0.21144136227667332,-1.3084691017866135,0.04915083476930264,0.8953419579192996,4.162735663354397,14545.734738653897,0.6105831116437912,1.8846648931503296,76.67696123792636,0.9603765299543738,1.7603765299543739,1.7603765299543739,0.46751344110816717,2.761016129329801,2.761016129329801
50,0.37154229637235403,-0.027661629021167755,0.9382927723536623,0.46000572852790356,0.6800458282232285,4.786806016544051,0.22262817900627851,-1.2189745679497719,0.060398399731738016,0.08583066798746586,0.8858306679874659,0.8858306679874659,0.14101759251207113,2.3692211110144856,2.3692211110144856
51,0.619179374538362,1.9534349963068962,89.83281238669008,0.7340991171076894,2.872792936861515,746.0929510285551,0.9130626106634736,4.304500885307789,20160.48080367164,0.5399452541023493,1.3399452541023493,1.3399452541023493,0.9755756491795182,3.3706907790154217,3.3706907790154217
52,0.6767682759091258,2.4141462072730064,259.5052851784745,0.3715768689289689,-0.02738504856824875,0.9388905144477507,0.7031677197664976,2.625341758131981,422.0284784718479,0.7497165370732546,1.5497165370732546,1.5497165370732546,0.8632159326225519,3.2358591191470625,3.2358591191470625
53,0.42528157215565443,0.40225257724523544,2.524948806790346,0.5671490076929331,1.5371920615434647,34.450224908217145,0.39554769173264503,0.16438153386116028,1.4600964124026587,0.12567578442394733,0.9256757844239474,0.9256757844239474,0.005330193787813187,2.206396232545376,2.206396232545376
54,0.02299696020781994,-2.8160243183374405,0.0015274805245083431,0.006948678754270077,-2.9444105699658394,0.0011365523127240076,0.757623246870935,3.0609859749674797,1150.7632257914527,0.7502371137961745,1.5502371137961746,1.5502371137961746,0.32388488575816154,2.588661862909794,2.588661862909794
55,0.7675294708460569,3.1402357667684555,1381.133841458034,0.812139954417944,3.4971196353435516,3141.3739307287556,0.06524333078414202,-2.478053353726864,0.0033261868808040734,0.3742475276812911,1.1742475276812911,1.1742475276812911,0.5597681570798159,2.871721788495779,2.871721788495779
56,0.8495866898447275,3.79669351875782,6261.718198009093,0.40379882603883743,0.23039060831069946,1.6997717549634543,0.8278713664039969,3.6229709312319756,4197.308890722523,0.21195523161441088,1.011955231614411,1.011955231614411,0.43501465767621994,2.7220175892114638,2.7220175892114638
57,0.09718967415392399,-2.222482606768608,0.005991249327221537,0.6618704898282886,2.2949639186263084,197.22588731864857,0.010485713370144367,-2.916114293038845,0.0012130695656064774,0.662164163775742,1.462164163775742,1.462164163775742,0.6991571839898825,3.038988620787859,3.038988620787859
58,0.4447791641578078,0.5582333132624626,3.6160407272405792,0.22472514025866985,-1.2021988779306412,0.06277708157825806,0.6488984134048223,2.191187307238579,155.30566846813704,0.2876027151942253,1.0876027151942254,1.0876027151942254,0.8800769131630659,3.2560922957956793,3.2560922957956793
59,0.6885206317529082,2.508165054023266,322.229319413745,0.9674159409478307,4.739327527582645,54869.060950515595,0.4662841223180294,0.7302729785442352,5.373694572117927,0.8374243602156639,1.637424360215664,1.637424360215664,0.2379504144191742,2.4855404973030093,2.4855404973030093
60,0.5136837242171168,1.1094697937369347,12.86677758274151,0.07560444716364145,-2.3951644226908684,0.004025645956272492,0.16752346884459257,-1.6598122492432594,0.02188707624226598,0.8894924521446228,1.6894924521446228,1.6894924521446228,0.10032241325825453,2.3203868959099054,2.3203868959099054
61,0.2582879988476634,-0.9336960092186928,0.11649411617178805,0.8650791738182306,3.920633390545845,8329.777300465907,0.9829483488574624,4.863586790859699,73044.37726113583,0.4861585199832916,1.2861585199832917,1.2861585199832917,0.7657520296052098,3.118902435526252,3.118902435526252
62,0.16850720159709454,-1.6519423872232437,0.022287307893446205,0.3027664562687278,-0.5778683498501778,0.2643209887096913,0.3713915962725878,-0.02886722981929779,0.935691685072065,0.6107045011594892,1.4107045011594892,1.4107045011594892,0.5927598671987653,2.9113118406385183,2.9113118406385183
63,0.9169411044567823,4.335528835654259,21653.536465416077,0.5143603198230267,1.1148825585842133,13.028144252300482,0.5559666529297829,1.447733223438263,28.037108573293047,0.014007856138050556,0.8140078561380506,0.8140078561380506,0.2894586129114032,2.5473503354936837,2.5473503354936837
64,0.9074460975825787,4.259568780660629,18178.949393623418,0.407051763497293,0.25641410797834396,1.8047377721873037,0.33656337577849627,-0.3074929937720299,0.49261429035402704,0.6651648432016373,1.4651648432016373,1.4651648432016373,0.16289314534515142,2.395471774414182,2.395471774414182
65,0.16335370764136314,-1.6931703388690948,0.02026887578275978,0.6488580293953419,2.190864235162735,155.19017939601625,0.52895104046911,1.23160832375288,17.04544421708275,0.20912335813045502,1.009123358130455,1.009123358130455,0.953456194140017,3.34414743296802,3.34414743296802
66,0.25363041553646326,-0.9709566757082939,0.10691615311780456,0.21454246435314417,-1.2836602851748466,0.052040290812080336,0.14001942053437233,-1.8798446357250214,0.013187284153785553,0.8346381234005094,1.6346381234005094,1.6346381234005094,0.6548306876793504,2.9857968252152203,2.9857968252152203
67,0.5056459316983819,1.0451674535870552,11.096025690593757,0.9717295933514833,4.773836746811867,59406.88035862871,0.9476319383829832,4.581055507063866,38111.45304293009,0.29071030486375093,1.090710304863751,1.090710304863751,0.476624614559114,2.771949537470937,2.771949537470937
68,0.6980003463104367,2.584002770483494,383.7096932737385,0.11012311838567257,-2.1190150529146194,0.00760299924019154,0.6841538930311799,2.4732311442494392,297.3248060442787,0.4990127058699727,1.2990127058699728,1.2990127058699728,0.37208517268300056,2.646502207219601,2.646502207219601
69,0.4499479429796338,0.5995835438370705,3.9772559831430256,0.8207704620435834,3.566163696348667,3682.677567258166,0.4937269715592265,0.9498157724738121,8.908729500587878,0.876929190941155,1.676929190941155,1.676929190941155,0.5113230142742395,2.8135876171290874,2.8135876171290874
70,0.10186254233121872,-2.1850996613502502,0.006529806902673378,0.26138003170490265,-0.9089597463607788,0.12332191318432806,0.8548260778188705,3.8386086225509644,6896.180538131121,0.0014294162392616272,0.8014294162392617,0.8014294162392617,0.8176479209214449,3.181177505105734,3.181177505105734
71,0.8576091900467873,3.860873520374298,7258.945243133848,0.5499082384631038,1.3992659077048302,25.076441512108968,0.04525282420217991,-2.6379774063825607,0.0023015615501031056,0.62348223477602,1.42348223477602,1.42348223477602,0.050654780119657516,2.260785736143589,2.260785736143589
72,0.7756048701703548,3.2048389613628387,1602.6510092245617,0.14236367400735617,-1.8610906079411507,0.013769221682180343,0.7843185439705849,3.274548351764679,1881.6911908627187,0.9611905235797167,1.7611905235797167,1.7611905235797167,0.9253902193158865,3.3104682631790636,3.3104682631790636
73,0.02761681005358696,-2.7790655195713043,0.0016631617195671097,0.91551149263978,4.32409194111824,21090.745985088615,0.09975099749863148,-2.201992020010948,0.006280698992428702,0.4133558589965105,1.2133558589965106,1.2133558589965106,0.1923936828970909,2.4308724194765094,2.4308724194765094
74,0.4303820738568902,0.4430565908551216,2.7736815063932467,0.4791445741429925,0.83315659314394,6.810148673058613,0.7391403773799539,2.913123019039631,818.696660788269,0.5388557529076934,1.3388557529076934,1.3388557529076934,0.3865962624549866,2.663915514945984,2.663915514945984
75,0.686316148377955,2.4905291870236397,309.4063246858585,0.7051732558757067,2.6413860470056534,437.9111941239958,0.4237077487632632,0.3896619901061058,2.452799167493576,0.08672087546437979,0.8867208754643798,0.8867208754643798,0.7473307233303785,3.096796867996454,3.096796867996454
76,0.6110887425020337,1.8887099400162697,77.39447169156016,0.31427753530442715,-0.4857797175645828,0.32675352576089817,0.19440701231360435,-1.4447439014911652,0.03591336492380139,0.1402569254860282,0.9402569254860282,0.9402569254860282,0.601897937245667,2.9222775246948003,2.9222775246948003
77,0.3669376717880368,-0.06449862569570541,0.8619883064225645,0.618583326227963,1.9486666098237038,88.85187763310353,0.8770290520042181,4.016232416033745,10380.838057305178,0.7349665900692344,1.5349665900692344,1.5349665900692344,0.2800761638209224,2.536091396585107,2.536091396585107
78,0.20635608583688736,-1.3491513133049011,0.04475573427669452,0.05732274055480957,-2.5414180755615234,0.002874629806863431,0.26644874084740877,-0.8684100732207298,0.1353910407836478,0.3594517055898905,1.1594517055898905,1.1594517055898905,0.07819158863276243,2.2938299063593153,2.2938299063593153
79,0.9581937715411186,4.665550172328949,46296.714545698705,0.7520093945786357,3.0160751566290855,1037.7079803510674,0.5838268836960196,1.6706150695681572,46.839804049454216,0.7647115830332041,1.5647115830332041,1.5647115830332041,0.787638952024281,3.1451667424291374,3.1451667424291374
80,0.9839613968506455,4.871691174805164,74420.25860075155,0.011940345168113708,-2.9044772386550903,0.0012460135390462048,0.0908815898001194,-2.272947281599045,0.005333996401956926,0.037745526060462,0.837745526060462,0.837745526060462,0.4603692749515176,2.7524431299418213,2.7524431299418213
81,0.2284400248900056,-1.1724798008799553,0.0672233574097566,0.8012925265356898,3.4103402122855186,2572.410136783595,0.7735036443918943,3.1880291551351547,1541.8039541353344,0.5875333156436682,1.3875333156436682,1.3875333156436682,0.658144666813314,2.989773600175977,2.989773600175977
82,0.32530853524804115,-0.3975317180156708,0.40037622641361,0.3665513899177313,-0.06758888065814972,0.8558765341447319,0.3855791362002492,0.08463308960199356,1.2151589490404968,0.4620870677754283,1.2620870677754283,1.2620870677754283,0.9835722660645843,3.380286719277501,3.380286719277501
83,0.5736163146793842,1.5889305174350739,38.80882709680046,0.5780227081850171,1.6241816654801369,42.09026552418517,0.7029572641476989,2.623658113181591,420.39555283137946,0.9122688202187419,1.712268820218742,1.712268820218742,0.1501091504469514,2.3801309805363418,2.3801309805363418
84,0.629312589764595,2.0345007181167603,108.26815053666984,0.46501217875629663,0.7200974300503731,5.249252092780278,0.9308122247457504,4.446497797966003,27957.465520736176,0.8608210934326053,1.6608210934326053,1.6608210934326053,0.012350494042038918,2.214820592850447,2.214820592850447
85,0.377034068107605,0.016272544860839844,1.0381797291463188,0.7232063878327608,2.7856511026620865,610.4514120684959,0.24624469317495823,-1.0300424546003342,0.09331630746739673,0.2641583038493991,1.0641583038493991,1.0641583038493991,0.8693780340254307,3.243253640830517,3.243253640830517
86,0.03798187989741564,-2.696144960820675,0.0020130522118335095,0.1633875286206603,-1.6928997710347176,0.020281507337437894,0.6082898164168,1.8663185313344002,73.50527916613997,0.6395895015448332,1.4395895015448332,1.4395895015448332,0.551647212356329,2.8619766548275947,2.8619766548275947
87,0.7818413646891713,3.2547309175133705,1797.7567063220595,0.9062008745968342,4.2496069967746735,17766.70931330453,0.2928571728989482,-0.6571426168084145,0.22022031686653618,0.23628274910151958,1.0362827491015196,1.0362827491015196,0.31491336412727833,2.577896036952734,2.577896036952734
88,0.8325890088453889,3.660712070763111,4578.38247752433,0.3097532093524933,-0.5219743251800537,0.30062540224761014,0.5376602271571755,1.3012818172574043,20.011600175743894,0.3357102610170841,1.1357102610170842,1.1357102610170842,0.689693458378315,3.027632150053978,3.027632150053978
89,0.08098428789526224,-2.352125696837902,0.004445025975007172,0.5054469434544444,1.0435755476355553,11.055427671934616,0.34723332058638334,-0.22213343530893326,0.5996068210618881,0.7897986210882664,1.5897986210882664,1.5897986210882664,0.4264093544334173,2.711691225320101,2.711691225320101
90,0.49034135416150093,0.9227308332920074,8.370103596823865,0.0686525460332632,-2.4507796317338943,0.0035417701082042655,0.9856766238808632,4.8854129910469055,76809.15565622409,0.16436754260212183,0.9643675426021219,0.9643675426021219,0.24460451118648052,2.493525413423777,2.493525413423777
91,0.7347553707659245,2.8780429661273956,755.1669350244214,0.873965417034924,3.9917233362793922,9811.227277488835,0.17610335536301136,-1.5911731570959091,0.025634617575953214,0.7102484861388803,1.5102484861388803,1.5102484861388803,0.8875817805528641,3.265098136663437,3.265098136663437
92,0.5619320869445801,1.4954566955566406,31.29368419903708,0.2316656420007348,-1.1466748639941216,0.07133869097348669,0.44008875358849764,0.5207100287079811,3.316729310379058,0.5000981176272035,1.3000981176272035,1.3000981176272035,0.7753355531021953,3.1304026637226343,3.1304026637226343
93,0.30574269592761993,-0.5540584325790405,0.2792168140949373,0.958518298342824,4.668146386742592,46574.30541160517,0.6324764331802726,2.0598114654421806,114.76552968226218,0.12413475755602121,0.9241347575560213,0.9241347575560213,0.10880362708121538,2.3305643524974586,2.3305643524974586
94,0.15419432241469622,-1.7664454206824303,0.017122003414313483,0.39683119114488363,0.17464952915906906,1.4950286975441212,0.020889069885015488,-2.832887440919876,0.0014693070386841344,0.9995808862149715,1.7995808862149716,1.7995808862149716,0.2829248057678342,2.5395097669214013,2.5395097669214013
95,0.9019570471718907,4.215656377375126,16430.7117744842,0.6708029843866825,2.36642387509346,232.5004913818278,0.8285015728324652,3.6280125826597214,4246.318664762913,0.3755749426782131,1.1755749426782132,1.1755749426782132,0.5851313723251224,2.9021576467901467,2.9021576467901467
96,0.8862015884369612,4.089612707495689,12291.721382215597,0.19881491363048553,-1.4094806909561157,0.038951062524020114,0.7196512585505843,2.7572100684046745,571.7551279680183,0.22393023036420345,1.0239302303642035,1.0239302303642035,0.04643265996128321,2.25571919195354,2.25571919195354
97,0.13772512786090374,-1.89819897711277,0.012641570263950143,0.9874656675383449,4.899725340306759,79382.6038669315,0.41203696746379137,0.29629573971033096,1.9783163473989236,0.6506705489009619,1.450670548900962,1.450670548900962,0.8370043775066733,3.204405253008008,3.204405253008008
98,0.290978672914207,-0.6721706166863441,0.21273031506772924,0.4228097703307867,0.38247816264629364,2.412560220307866,0.8038676362484694,3.430941089987755,2697.3735215446673,0.2761475769802928,1.0761475769802928,1.0761475769802928,0.5232336735352874,2.8278804082423448,2.8278804082423448
99,0.5464245853945613,1.3713966831564903,23.517799482068664,0.6330913798883557,2.064731039106846,116.07295451924786,0.11148198321461678,-2.108144134283066,0.007795713423167542,0.849376562051475,1.649376562051475,1.649376562051475,0.34503636602312326,2.614043639227748,2.614043639227748
100,0.7192439353093505,2.753951482474804,567.481205289957,0.27685575280338526,-0.7851539775729179,0.16400082109979877,0.25473983865231276,-0.962081290781498,0.10912360609203137,0.9243779433891177,1.7243779433891178,1.7243779433891178,0.48853533901274204,2.7862424068152905,2.7862424068152905
101,0.47558126505464315,0.8046501204371452,6.37749490667929,0.5344086159020662,1.2752689272165298,18.848158585818815,0.5643148953095078,1.5145191624760628,32.69784738629914,0.4507626248523593,1.2507626248523593,1.2507626248523593,0.6277818121016026,2.953338174521923,2.953338174521923
102,0.06451139785349369,-2.4839088171720505,0.0032816418599277467,0.09461682196706533,-2.2430654242634773,0.005713925527946886,0.20617611147463322,-1.3505911082029343,0.04460760349756305,0.5753010641783476,1.3753010641783476,1.3753010641783476,0.9492340348660946,3.3390808418393134,3.3390808418393134
103,0.8168372455984354,3.534697964787483,3425.2948752574684,0.836300540715456,3.690404325723648,4902.35013022588,0.896600991487503,4.172807931900024,14887.025487209708,0.04894707910716534,0.8489470791071654,0.8489470791071654,0.1822496373206377,2.4186995647847653,2.4186995647847653
104,0.7973395716398954,3.3787165731191635,2391.7543533664657,0.49464330077171326,0.957146406173706,9.060379863081545,0.15177996642887592,-1.7857602685689926,0.016377202968729448,0.3947118856012821,1.1947118856012822,1.1947118856012822,0.8074646070599556,3.168957528471947,3.168957528471947
105,0.052759019657969475,-2.577927842736244,0.0026428478253601876,0.6896966425701976,2.5175731405615807,329.2859044824699,0.967214398086071,4.737715184688568,54665.73411470801,0.9796592630445957,1.7796592630445958,1.7796592630445958,0.0744768287986517,2.289372194558382,2.289372194558382
106,0.3935240088030696,0.14819207042455673,1.4066694981202907,0.12683460675179958,-1.9853231459856033,0.010343722337563373,0.32486493419855833,-0.40108052641153336,0.39711790947070963,0.10512070450931787,0.9051207045093179,0.9051207045093179,0.25255815498530865,2.5030697859823707,2.5030697859823707
107,0.6450511245056987,2.1604089960455894,144.68016522189228,0.9310188041999936,4.448150433599949,28064.055696720945,0.5094304392114282,1.0754435136914253,11.897165791663362,0.520142869092524,1.320142869092524,1.320142869092524,0.613301232457161,2.935961478948593,2.935961478948593
108,0.5893587833270431,1.7148702666163445,51.864508500841545,0.041587681509554386,-2.667298547923565,0.002151302352220165,0.8743703719228506,3.994962975382805,9884.68821792962,0.6913549387827516,1.4913549387827516,1.4913549387827516,0.7198126344010234,3.063775161281228,3.063775161281228
109,0.3417945420369506,-0.2656436637043953,0.5424457817188607,0.7677379567176104,3.141903653740883,1386.448217509466,0.05699045583605766,-2.5440763533115387,0.0028570881945504992,0.18453256133943796,0.984532561339438,0.984532561339438,0.39799964148551226,2.6775995697826147,2.6775995697826147
110,0.2432208601385355,-1.054233118891716,0.08826060114444212,0.3300432926043868,-0.35965365916490555,0.4368640833991267,0.6646714797243476,2.3173718377947807,207.66907945816206,0.8090556524693966,1.6090556524693966,1.6090556524693966,0.2122193919494748,2.45466327033937,2.45466327033937
111,0.9994559083133936,4.995647266507149,99002.75190155611,0.6028244234621525,1.8225953876972198,66.46536402659555,0.482051451690495,0.8564116135239601,7.184749213649374,0.3159084878861904,1.1159084878861905,1.1159084878861905,0.9216754091903567,3.3060104910284283,3.3060104910284283
112,0.9431856079027057,4.545484863221645,35114.36856392392,0.3510669684037566,-0.19146425276994705,0.6434810284045772,0.973969517275691,4.791756138205528,61909.33487853275,0.6042930632829666,1.4042930632829667,1.4042930632829667,0.34195884969085455,2.6103506196290254,2.6103506196290254
113,0.19109272491186857,-1.4712582007050514,0.033786390656022465,0.5935136266052723,1.7481090128421783,55.98981246394423,0.1565895862877369,-1.7472833096981049,0.01789438142735448,0.021298810839653015,0.8212988108396531,0.8212988108396531,0.5397408315911889,2.847688997909427,2.847688997909427
114,0.35093807242810726,-0.1924954205751419,0.6419549905766399,0.027455107308924198,-2.7803591415286064,0.0016582150728223961,0.5494273072108626,1.395418457686901,24.855268425804834,0.8957532094791532,1.6957532094791532,1.6957532094791532,0.850024932064116,3.220029918476939,3.220029918476939
115,0.5948636885732412,1.7589095085859299,57.399684936278305,0.7857709098607302,3.2861672788858414,1932.7126040589608,0.36680729407817125,-0.06554164737462997,0.8599205994523618,0.478777919895947,1.278777919895947,1.278777919895947,0.016568309627473354,2.2198819715529683,2.2198819715529683
116,0.6700873989611864,2.3606991916894913,229.4558801873917,0.1791082825511694,-1.5671337395906448,0.02709357165575788,0.001398155465722084,-2.9888147562742233,0.0010260895005659671,0.30965465027838945,1.1096546502783895,1.1096546502783895,0.1307559795677662,2.35690717548132,2.35690717548132
117,0.4143861699849367,0.3150893598794937,2.065805169524632,0.8904580073431134,4.123664058744907,13294.256650855506,0.816832572221756,3.534660577774048,3425.0000153437177,0.814523902721703,1.614523902721703,1.614523902721703,0.9877901468425989,3.3853481762111186,3.3853481762111186
118,0.012349515222012997,-2.901203878223896,0.001255440462628411,0.44926072657108307,0.5940858125686646,3.9272252606883833,0.4596398649737239,0.6771189197897911,4.754654014513001,0.19005397707223892,0.990053977072239,0.990053977072239,0.685190187767148,3.0222282253205774,3.0222282253205774
119,0.7606006404384971,3.0848051235079765,1215.6403964431481,0.7389795957133174,2.911836765706539,816.2755076863879,0.6442053848877549,2.1536430791020393,142.44364525155524,0.6851542666554451,1.4851542666554451,1.4851542666554451,0.4484628550708294,2.738155426084995,2.738155426084995
120,0.8738549901172519,3.990839920938015,9791.290161792069,0.08439630921930075,-2.324829526245594,0.004733370216355948,0.4051216347143054,0.2409730777144432,1.7416989006437837,0.7770133037120104,1.5770133037120104,1.5770133037120104,0.5737247224897146,2.8884696669876577,2.8884696669876577
121,0.11784521769732237,-2.057238258421421,0.008765198214220664,0.8582455553114414,3.8659644424915314,7344.537328916882,0.7146966764703393,2.7175734117627144,521.8833142847443,0.34831986017525196,1.148319860175252,1.148319860175252,0.3104471191763878,2.5725365430116653,2.5725365430116653
122,0.46520200930535793,0.7216160744428635,5.267639849666366,0.29397899005562067,-0.6481680795550346,0.2248184350807477,0.07140119560062885,-2.428790435194969,0.0037257144380682143,0.7227896666154265,1.5227896666154266,1.5227896666154266,0.1125217080116272,2.335026049613953,2.335026049613953
123,0.7130216266959906,2.7041730135679245,506.02621179808426,0.5211973804980516,1.1695790439844131,14.776754021670646,0.7618260905146599,3.094608724117279,1243.393876228467,0.1515138065442443,0.9515138065442443,0.9515138065442443,0.7555056195706129,3.1066067434847353,3.1066067434847353
124,0.5206709075719118,1.1653672605752945,14.634141856861305,0.3813392575830221,0.05071406066417694,1.1238647781423172,0.6200521579012275,1.9604172632098198,91.28875058970343,0.0746639808639884,0.8746639808639884,0.8746639808639884,0.8912999453023076,3.269559934362769,3.269559934362769
125,0.2688807863742113,-0.8489537090063095,0.1415944695975199,0.6862863944843411,2.490291155874729,309.23678957350677,0.31243785191327333,-0.5004971846938133,0.3158659524310797,0.5502324244007468,1.3502324244007469,1.3502324244007469,0.22477449756115675,2.4697293970733885,2.4697293970733885
126,0.17934031691402197,-1.5652774646878242,0.027209623677344457,0.24718815088272095,-1.0224947929382324,0.09495223836251358,0.9191117640584707,4.352894112467766,22536.89661695925,0.42577814497053623,1.2257781449705363,1.2257781449705363,0.41500265430659056,2.6980031851679085,2.6980031851679085
127,0.9236879637464881,4.389503709971905,24519.05399185681,0.9430044321343303,4.544035457074642,34997.373874398545,0.22672612592577934,-1.1861909925937653,0.06513418860809325,0.9501790050417185,1.7501790050417185,1.7501790050417185,0.7172158258035779,3.0606589909642934,3.0606589909642934
128,0.9296645615249872,4.437316492199898,27372.62780492427,0.32630366180092096,-0.3895707055926323,0.4077831669657505,0.6016156524419785,1.8129252195358276,65.00177552008296,0.4702033391222358,1.2702033391222358,1.2702033391222358,0.4836321109905839,2.780358533188701,2.780358533188701
129,0.1733637098222971,-1.6130903214216232,0.024373038728441744,0.6158394236117601,1.9267153888940811,84.47250805039118,0.293993616476655,-0.64805106818676,0.22487901576494632,0.9047562768682837,1.7047562768682838,1.7047562768682838,0.6500507360324264,2.9800608832389117,2.9800608832389117
130,0.2709646439179778,-0.8322828486561775,0.14713539223703948,0.05200821813195944,-2.5839342549443245,0.0026065481087308145,0.937289216555655,4.49831373244524,31500.2305532841,0.030240574851632118,0.8302405748516322,0.8302405748516322,0.960433422587812,3.3525201071053745,3.3525201071053745
131,0.5185870593413711,1.1486964747309685,14.083042007883197,0.7636631168425083,3.1093049347400665,1286.1894256846253,0.24491107743233442,-1.0407113805413246,0.09105181754593192,0.5956571791321039,1.395657179132104,1.395657179132104,0.1580829033628106,2.389699484035373,2.389699484035373
132,0.7148472396656871,2.7187779173254967,523.332754485561,0.15449804067611694,-1.7640156745910645,0.01721806430289597,0.3869444169104099,0.09555533528327942,1.2461069988806686,0.6783492136746645,1.4783492136746645,1.4783492136746645,0.05171133764088154,2.262053605169058,2.262053605169058
133,0.46337639074772596,0.7070111259818077,5.093439195273691,0.9126307396218181,4.3010459169745445,20000.73321688713,0.6965119671076536,2.572095736861229,373.33244697727594,0.19692127592861652,0.9969212759286166,0.9969212759286166,0.8148516230285168,3.17782194763422,3.17782194763422
134,0.12359177879989147,-2.0112657696008682,0.00974393168390998,0.4739669021219015,0.7917352169752121,6.190635259735964,0.08983793575316668,-2.2812965139746666,0.005232430710996639,0.8214519685134292,1.6214519685134292,1.6214519685134292,0.512410331517458,2.8148923978209495,2.8148923978209495
135,0.8681084346026182,3.9448674768209457,8807.800655745696,0.7167187379673123,2.7337499037384987,541.6888593272745,0.7802705680951476,3.242164544761181,1746.4837323958839,0.30291036423295736,1.1029103642329574,1.1029103642329574,0.36931962706148624,2.6431835524737837,2.6431835524737837
136,0.762666130438447,3.101329043507576,1262.7839213323869,0.1242348114028573,-2.0061215087771416,0.00986003578715801,0.019094829447567463,-2.8472413644194603,0.001421538530286706,0.1407407345250249,0.9407407345250249,0.9407407345250249,0.744542270898819,3.0934507250785828,3.0934507250785828
137,0.010284015908837318,-2.9177278727293015,0.0012085708838195832,0.8198679853230715,3.558943882584572,3621.9619416663318,0.8345217546448112,3.6761740371584892,4744.320688802138,0.7335004927590489,1.533500492759049,1.533500492759049,0.38764545135200024,2.6651745416224,2.6651745416224
138,0.42037350591272116,0.36298804730176926,2.3066837030559033,0.2542276596650481,-0.966178722679615,0.10809890066392404,0.44168391451239586,0.5334713160991669,3.415633906619578,0.35896991938352585,1.158969919383526,1.158969919383526,0.18963552080094814,2.427562624961138,2.427562624961138
139,0.6641000723466277,2.3128005787730217,205.4946779917894,0.559479970484972,1.475839763879776,29.911608223643178,0.6262571718543768,2.0100573748350143,102.34281888982717,0.7661794647574425,1.5661794647574425,1.5661794647574425,0.9264696761965752,3.3117636114358904,3.3117636114358904
140,0.6005909321829677,1.8047274574637413,63.786306807477146,0.4210256487131119,0.368205189704895,2.3345608041252315,0.9919257024303079,4.935405619442463,86179.82729867878,0.9450817108154297,1.7450817108154297,1.7450817108154297,0.782866875641048,3.1394402507692574,3.1394402507692574
141,0.3452108232304454,-0.23831341415643692,0.577679007513155,0.648060935549438,2.184487484395504,152.92816745707793,0.17453804146498442,-1.6036956682801247,0.024906019954751016,0.43044695258140564,1.2304469525814057,1.2304469525814057,0.0851916866376996,2.30223002396524,2.30223002396524
142,0.19293002597987652,-1.4565597921609879,0.03494943891084029,0.2072847094386816,-1.3417223244905472,0.0455279059561883,0.5317308679223061,1.2538469433784485,17.941012276709667,0.5549625353887677,1.3549625353887678,1.3549625353887678,0.2752733351662755,2.5303280021995307,2.5303280021995307
143,0.9413483124226332,4.530786499381065,33945.8352703753,0.9814391331747174,4.851513065397739,71041.65419877518,0.3491183537989855,-0.20705316960811615,0.6207930274099236,0.0696279900148511,0.8696279900148511,0.8696279900148511,0.6088672755286098,2.9306407306343316,2.9306407306343316
144,0.9934840789064765,4.947872631251812,88689.5867395443,0.22147641144692898,-1.2281887084245682,0.0591304646304279,0.8571545863524079,3.8572366908192635,7198.411851046725,0.8583784336224198,1.6583784336224199,1.6583784336224199,0.1548890983685851,2.385866918042302,2.385866918042302
145,0.24919269885867834,-1.0064584091305733,0.0985238991191816,0.9633432375267148,4.706745900213718,50903.2955663232,0.03976691048592329,-2.6818647161126137,0.0020803446190697772,0.2675718003883958,1.0675718003883958,1.0675718003883958,0.9765647733584046,3.3718777280300856,3.3718777280300856
146,0.3397135455161333,-0.28229163587093353,0.5220455091430276,0.40006110072135925,0.20048880577087402,1.5866780207431834,0.6821164935827255,2.456931948661804,286.37292055729347,0.6420339457690716,1.4420339457690716,1.4420339457690716,0.6629548827186227,2.9955458592623474,2.9955458592623474
147,0.5914397705346346,1.7315181642770767,53.89123848012047,0.6573087899014354,2.258470319211483,181.3302745918409,0.49950399436056614,0.9960319548845291,9.909048518408373,0.23287127539515495,1.032871275395155,1.032871275395155,0.45339207258075476,2.7440704870969057,2.7440704870969057
148,0.6432302799075842,2.1458422392606735,139.9079004274327,0.2996693616732955,-0.602645106613636,0.24966340735918058,0.1343351872637868,-1.9253185018897057,0.011876309259386599,0.05581318214535713,0.8558131821453572,0.8558131821453572,0.31770968064665794,2.58125161677599,2.58125161677599
149,0.39534485898911953,0.16275887191295624,1.4546512078848008,0.5101340748369694,1.081072598695755,12.052373966503882,0.9497620975598693,4.598096780478954,39636.63527884829,0.5684948153793812,1.3684948153793812,1.3684948153793812,0.5505906362086535,2.860708763450384,2.860708763450384
150,0.04701531957834959,-2.6238774433732033,0.002377511118619348,0.07202026341110468,-2.4238378927111626,0.0037684443588471535,0.3420809544622898,-0.2633523643016815,0.5453152406959809,0.4440176198258996,1.2440176198258996,1.2440176198258996,0.8721435908228159,3.2465723089873793,3.2465723089873793
151,0.8030832661315799,3.424666129052639,2658.6803701736376,0.8603658396750689,3.882926717400551,7637.069052435128,0.5266542267054319,1.2132338136434555,16.33931380270805,0.9313052901998162,1.7313052901998163,1.7313052901998163,0.0112631656229496,2.21351579874754,2.21351579874754
152,0.8147669872269034,3.5181358978152275,3297.128685624168,0.4569066073745489,0.6552528589963913,4.521191047727144,0.2717041037976742,-0.8263671696186066,0.14915328758828614,0.5308548910543323,1.3308548910543323,1.3308548910543323,0.8865326177328825,3.263839141279459,3.263839141279459
153,0.0665816655382514,-2.467346675693989,0.0034092066295870137,0.7298708455637097,2.838966764509678,690.1869835040179,0.5812716390937567,1.6501731127500534,44.686167877598926,0.09434882830828428,0.8943488283082843,0.8943488283082843,0.247392937541008,2.49687152504921,2.49687152504921
154,0.4695910681039095,0.7567285448312759,5.711215463468782,0.16478149592876434,-1.6817480325698853,0.020809036282271334,0.18944085109978914,-1.4844731912016869,0.03277380072969762,0.9688261430710554,1.7688261430710555,1.7688261430710555,0.42532990127801895,2.7103958815336227,2.7103958815336227
155,0.7252341229468584,2.8018729835748672,633.68435294424,0.8906265972182155,4.125012777745724,13335.606674038234,0.8798734983429313,4.03898798674345,10939.261061668705,0.4053626637905836,1.2053626637905837,1.2053626637905837,0.6924516167491674,3.0309419400990008,3.0309419400990008
156,0.5406925734132528,1.3255405873060226,21.161214396652117,0.0036979233846068382,-2.9704166129231453,0.0010704919038774798,0.7363867536187172,2.8910940289497375,778.2050217044671,0.32057849131524563,1.1205784913152457,1.1205784913152457,0.5781312631443143,2.893757515773177,2.893757515773177
157,0.2967106904834509,-0.6263144761323929,0.2364207136090969,0.8080652244389057,3.4645217955112457,2914.2163840206003,0.42876470275223255,0.4301176220178604,2.6922638636842406,0.8039595540612936,1.6039595540612936,1.6039595540612936,0.28769689332693815,2.545236271992326,2.545236271992326
158,0.13588496576994658,-1.9129202738404274,0.012220239741736954,0.36783711705356836,-0.057303063571453094,0.8763890374424006,0.7869036057963967,3.295228846371174,1973.4623549689916,0.17949728947132826,0.9794972894713283,0.9794972894713283,0.10183427017182112,2.3222011242061855,2.3222011242061855
159,0.8880417449399829,4.104333959519863,12715.51514598903,0.5625852812081575,1.5006822496652603,31.672493060743697,0.09452548157423735,-2.2437961474061012,0.0057043196333674915,0.6960857687518001,1.4960857687518,1.4960857687518,0.7801384003832936,3.1361660804599523,3.1361660804599523
160,0.9040226563811302,4.232181251049042,17067.945642031507,0.0365238543599844,-2.707809165120125,0.001959705605535884,0.4533910248428583,0.6271281987428665,4.23768039046416,0.9190138215199113,1.7190138215199113,1.7190138215199113,0.35008334275335073,2.620100011304021,2.620100011304021
161,0.152128703892231,-1.782970368862152,0.016482748465419087,0.7791540967300534,3.2332327738404274,1710.9320974594375,0.645770937204361,2.1661674976348877,146.61131788792443,0.4551597172394395,1.2551597172394395,1.2551597172394395,0.516508468426764,2.819810162112117,2.819810162112117
162,0.3117299126461148,-0.5061606988310814,0.3117735737534281,0.3418184816837311,-0.26545214653015137,0.5426850447015291,0.007327753119170666,-2.9413779750466347,0.0011445164126691546,0.5806672088801861,1.3806672088801861,1.3806672088801861,0.8420205870643258,3.210424704477191,3.210424704477191
163,0.5559448795393109,1.4475590363144875,28.025865685675914,0.6003178684040904,1.8025429472327232,63.466265945139966,0.8149477774277329,3.5195822194218636,3308.1273467695873,0.04455177113413811,0.8445517711341382,0.8445517711341382,0.03967671003192663,2.247612052038312,2.247612052038312
164,0.7404824951663613,2.9238599613308907,839.1893454842085,0.4896877175197005,0.9175017401576042,8.269928222065458,0.5512217860668898,1.409774288535118,25.690602441300438,0.24491934850811958,1.0449193485081196,1.0449193485081196,0.18525194749236107,2.4223023369908336,2.4223023369908336
165,0.4846142241731286,0.8769137933850288,7.532060389515725,0.7009759284555912,2.6078074276447296,405.3287670504058,0.3607873506844044,-0.11370119452476501,0.7696598033697986,0.6306484527885914,1.4306484527885914,1.4306484527885914,0.9483987111598253,3.33807845339179,3.33807845339179
166,0.08282170817255974,-2.337426334619522,0.004598049744074739,0.1387466499581933,-1.8900268003344536,0.01288170056200974,0.9723745947703719,4.778996758162975,60116.92499751752,0.255156428553164,1.055156428553164,1.055156428553164,0.6308143977075815,2.9569772772490976,2.9569772772490976
167,0.8307515941560268,3.6460127532482147,4426.013693554078,0.9284040052443743,4.427232041954994,26744.349678246675,0.16280908603221178,-1.6975273117423058,0.020066548923184234,0.869396866299212,1.669396866299212,1.669396866299212,0.487730298191309,2.785276357829571,2.785276357829571
168,0.7878178432583809,3.302542746067047,2006.9786200913193,0.2699714805930853,-0.8402281552553177,0.1444680612886068,0.9177467217668891,4.341973774135113,21977.271540004134,0.7152837617322803,1.5152837617322803,1.5152837617322803,0.6124580632895231,2.934949675947428,2.934949675947428
169,0.032005392014980316,-2.7439568638801575,0.0018031968337451825,0.5437601702287793,1.3500813618302345,22.39140585555957,0.2331716613844037,-1.1346267089247704,0.07334546918648352,0.15963671635836363,0.9596367163583637,0.9596367163583637,0.25556783378124237,2.506681400537491,2.506681400537491
170,0.37911804486066103,0.03294435888528824,1.0788084981554094,0.10846064984798431,-2.1323148012161255,0.007373695491938526,0.6210960503667593,1.9687684029340744,93.06114741241673,0.7851286213845015,1.5851286213845015,1.5851286213845015,0.07366440445184708,2.2883972853422168,2.2883972853422168
171,0.6272286223247647,2.017828978598118,104.19070546322355,0.8356184838339686,3.684947870671749,4841.142547905671,0.30567116662859917,-0.5546306669712067,0.2788491551586514,0.3408063631504774,1.1408063631504775,1.1408063631504775,0.8105050530284643,3.172606063634157,3.172606063634157
172,0.5754420468583703,1.6035363748669624,40.136211343103355,0.19179283734411,-1.46565730124712,0.034224940260934894,0.07807559799402952,-2.375395216047764,0.0042131292633291505,0.3864080663770437,1.1864080663770438,1.1864080663770438,0.9149423288181424,3.297930794581771,3.297930794581771
173,0.32348279748111963,-0.41213762015104294,0.3871349493436876,0.9969226010143757,4.9753808081150055,94488.9032569294,0.7606898853555322,3.0855190828442574,1217.6404946381683,0.9889301117509604,1.7889301117509604,1.7889301117509604,0.21727376710623503,2.460728520527482,2.460728520527482
174,0.23418646678328514,-1.1265082657337189,0.07472944111337629,0.43654821906238794,0.49238575249910355,3.1073183697715643,0.3986448813229799,0.18915905058383942,1.5458204578533048,0.11342273931950331,0.9134227393195034,0.9134227393195034,0.39123627822846174,2.6694835338741543,2.6694835338741543
175,0.9782149605453014,4.8257196843624115,66945.23714969112,0.6325471270829439,2.0603770166635513,114.91507812845329,0.7160305306315422,2.7282442450523376,534.8650802827594,0.5108699975535274,1.3108699975535274,1.3108699975535274,0.724836734123528,3.0698040809482334,3.0698040809482334
176,0.9561233939602971,4.648987151682377,44564.306414448925,0.384333492256701,0.07466793805360794,1.1875938448981735,0.20892997365444899,-1.3285602107644081,0.04692883674758515,0.2837822427973151,1.0837822427973152,1.0837822427973152,0.02329351846128702,2.2279522221535446,2.2279522221535446
177,0.20842647273093462,-1.332588218152523,0.046495592016908144,0.673044802621007,2.3843584209680557,242.30279340881762,0.8915442759171128,4.132354207336903,13562.951455701941,0.8413824131712317,1.6413824131712318,1.6413824131712318,0.8449779516085982,3.2139735419303177,3.2139735419303177
178,0.3609475940465927,-0.1124192476272583,0.771935035232024,0.23723436053842306,-1.1021251156926155,0.07904508745747824,0.25215501524508,-0.98275987803936,0.1040495297966586,0.21592841483652592,1.015928414836526,1.015928414836526,0.5464968075975776,2.855796169117093,2.855796169117093
179,0.6170788109302521,1.9366304874420166,86.42322875627856,0.9475765265524387,4.58061221241951,38072.57162882339,0.5695406496524811,1.5563251972198486,36.0018814276417,0.65829754807055,1.45829754807055,1.45829754807055,0.33694261405617,2.6043311368674043,2.6043311368674043
180,0.680584255605936,2.4446740448474884,278.4030859238122,0.08749592304229736,-2.300032615661621,0.00501149595710832,0.798612511716783,3.3889000937342644,2448.4999175743565,0.6145404744893312,1.4145404744893313,1.4145404744893313,0.44929816015064716,2.7391577921807766,2.7391577921807766
181,0.43611397221684456,0.48891177773475647,3.0825616973016112,0.8448661593720317,3.7589292749762535,5740.229747326462,0.11403746623545885,-2.087700270116329,0.008171461331096183,0.01006530411541462,0.8100653041154147,0.8100653041154147,0.6821878962218761,3.0186254754662514,3.0186254754662514
182,0.025776528753340244,-2.793787769973278,0.0016077267212664878,0.28416300378739834,-0.7266959697008133,0.18763075680917804,0.7246176581829786,2.796941265463829,626.5291263492754,0.8855037754401565,1.6855037754401565,1.6855037754401565,0.9885951764881611,3.386314211785793,3.386314211785793
183,0.7774451458826661,3.219561167061329,1657.9108244851748,0.5256640957668424,1.205312766134739,16.044004168062667,0.4091927595436573,0.2735420763492584,1.8773362941171354,0.4900096422061324,1.2900096422061325,1.2900096422061325,0.12772340513765812,2.35326808616519,2.35326808616519
184,0.8516374798491597,3.8130998387932777,6502.791640937747,0.18028016481548548,-1.5577586814761162,0.02768479541575533,0.6703559514135122,2.362847611308098,230.59379209627073,0.08199076075106859,0.8819907607510686,0.8819907607510686,0.7524959146976471,3.1029950976371765,3.1029950976371765
185,0.10783426184207201,-2.137325905263424,0.007289103127341987,0.8751499224454165,4.001199379563332,10027.654904365376,0.47992153093218803,0.8393722474575043,6.908316837049626,0.5438917400315404,1.3438917400315404,1.3438917400315404,0.11336490325629711,2.3360378839075566,2.3360378839075566
186,0.447866827249527,0.5829346179962158,3.827671142981234,0.4413774823769927,0.5310198590159416,3.396408030154815,0.8688530316576362,3.9508242532610893,8929.440613100098,0.418453149497509,1.218453149497509,1.218453149497509,0.30740666948258877,2.5688880033791066,2.5688880033791066
187,0.7000814527273178,2.6006516218185425,398.70494474109677,0.7453780956566334,2.963024765253067,918.3849650688468,0.05928750801831484,-2.5256999358534813,0.002980575066721621,0.956521712243557,1.756521712243557,1.756521712243557,0.5745371505618095,2.8894445806741715,2.8894445806741715
188,0.5038249678909779,1.0305997431278229,10.730000522840836,0.35210199654102325,-0.18318402767181396,0.6558672906174099,0.32253666408360004,-0.41970668733119965,0.3804462543667763,0.7540615200996399,1.55406152009964,1.55406152009964,0.7121614618226886,3.054593754187226,3.054593754187226
189,0.25545138493180275,-0.956388920545578,0.11056332209154428,0.5783137856051326,1.6265102848410606,42.31655308862964,0.5149165913462639,1.119332730770111,13.162328658422595,0.3702855408191681,1.1702855408191681,1.1702855408191681,0.421735723502934,2.706082868203521,2.706082868203521
190,0.1576101267710328,-1.7391189858317375,0.018233960689368053,0.019463619217276573,-2.8442910462617874,0.0014312284275079707,0.1538176042959094,-1.7694591656327248,0.017003598217877006,0.7457396583631635,1.5457396583631635,1.5457396583631635,0.21975041646510363,2.4637004997581244,2.4637004997581244
191,0.9131896728649735,4.305517382919788,20207.72313102917,0.7923062639310956,3.338450111448765,2179.9679641393527,0.9614376137033105,4.691500909626484,49147.44095875966,0.1295460956171155,0.9295460956171155,0.9295460956171155,0.8980632899329066,3.277675947919488,3.277675947919488
192,0.9187627835199237,4.3501022681593895,22392.48377247567,0.13008118979632854,-1.9593504816293716,0.010981192843603119,0.18106212094426155,-1.5515030324459076,0.02808645761429447,0.5350315719842911,1.3350315719842911,1.3350315719842911,0.5246248906478286,2.829549868777394,2.829549868777394
193,0.16668551694601774,-1.666515864431858,0.02155182915011203,0.9350893618538976,4.480714894831181,30249.26975371843,0.9964947681874037,4.971958145499229,93747.16551011834,0.09068213403224945,0.8906821340322495,0.8906821340322495,0.3590579563751817,2.630869547650218,2.630869547650218
194,0.26403086446225643,-0.8877530843019485,0.1294931858464693,0.4983793571591377,0.9870348572731018,9.705878652847797,0.35808194894343615,-0.13534440845251083,0.7322436118433112,0.9651671694591641,1.7651671694591642,1.7651671694591642,0.032660932280123234,2.2391931187361482,2.2391931187361482
195,0.5079408641904593,1.063526913523674,11.57515761906679,0.694256673566997,2.5540533885359764,358.14046119338263,0.5426494842395186,1.3411958739161491,21.93794149308404,0.4094862686470151,1.2094862686470151,1.2094862686470151,0.8358553936704993,3.2030264724045994,3.2030264724045994
196,0.6944930572062731,2.5559444576501846,359.7033294002227,0.3331382414326072,-0.3348940685391426,0.46249381737800127,0.8411812484264374,3.729449987411499,5363.521025192189,0.3632909031584859,1.163290903158486,1.163290903158486,0.9404061548411846,3.3284873858094217,3.3284873858094217
197,0.43880672939121723,0.5104538351297379,3.2393198710670017,0.6070485226809978,1.8563881814479828,71.84361575641421,0.023803124204277992,-2.809575006365776,0.0015503330079211911,0.7607653411105275,1.5607653411105276,1.5607653411105276,0.1761568058282137,2.4113881669938566,2.4113881669938566
198,0.09927007462829351,-2.205839402973652,0.006225304470984047,0.04517019633203745,-2.6386384293437004,0.00229806109623882,0.6353599959984422,2.0828799679875374,121.02635899230351,0.13626525551080704,0.9362652555108071,0.9362652555108071,0.49487040378153324,2.79384448453784,2.79384448453784
199,0.8475062986835837,3.78005038946867,6026.295027326324,0.7724496219307184,3.1795969754457474,1512.157317647665,0.45273794513195753,0.6219035610556602,4.187005786143524,0.7388211563229561,1.5388211563229561,1.5388211563229561,0.636859554797411,2.9642314657568933,2.9642314657568933
200,0.7732601715251803,3.1860813722014427,1534.904545425352,0.42591056041419506,0.4072844833135605,2.5543739898705162,0.6903388211503625,2.5227105692029,333.2042784129069,0.8308028597384691,1.6308028597384692,1.6308028597384692,0.26209759525954723,2.514517114311457,2.514517114311457
201,0.01726625394076109,-2.8618699684739113,0.0013744534366647472,0.6373213203623891,2.0985705628991127,125.4788595682998,0.3827263219282031,0.06181057542562485,1.152950270196438,0.2946526128798723,1.0946526128798724,1.0946526128798724,0.620090126991272,2.9441081523895263,2.9441081523895263
202,0.42712304554879665,0.41698436439037323,2.6120673122188114,0.20240326970815659,-1.3807738423347473,0.041612725121108585,0.7706813737750053,3.1654509902000427,1463.6963512170144,0.6691528176888824,1.4691528176888824,1.4691528176888824,0.800925575196743,3.1611106902360917,3.1611106902360917
203,0.674926808103919,2.3994144648313522,250.8502076298088,0.9921831740066409,4.937465392053127,86589.53193674149,0.0782936979085207,-2.3736504167318344,0.004230089763151866,0.20527248736470938,1.0052724873647094,1.0052724873647094,0.0651796218007803,2.2782155461609364,2.2782155461609364
204,0.621248560026288,1.9699884802103043,93.3229546278705,0.09786924626678228,-2.2170460298657417,0.0060667202641866095,0.2879597144201398,-0.6963222846388817,0.20122304439896635,0.005249663256108761,0.8052496632561088,0.8052496632561088,0.21062420774251223,2.4527490492910147,2.4527490492910147
205,0.3694731015712023,-0.044215187430381775,0.9032018377298584,0.840376939624548,3.7230155169963837,5284.641330409847,0.5975329866632819,1.7802638933062553,60.29258347107109,0.6195249101147056,1.4195249101147056,1.4195249101147056,0.9074343545362353,3.2889212254434823,3.2889212254434823
206,0.21743263211101294,-1.2605389431118965,0.05488593372774991,0.2805976504459977,-0.7552187964320183,0.1757038199661159,0.23545731231570244,-1.1163415014743805,0.07649948272130619,0.4950397554785013,1.2950397554785014,1.2950397554785014,0.734295922331512,3.0811551067978145,3.0811551067978145
207,0.9617656162008643,4.6941249296069145,49445.29013721437,0.5389744881540537,1.3117959052324295,20.50198470710491,0.9258842226117849,4.4070737808942795,25531.350097240393,0.8807950858026743,1.6807950858026743,1.6807950858026743,0.3998446883633733,2.679813626036048,2.679813626036048
208,0.9711693804711103,4.769355043768883,58796.98323116996,0.2908791685476899,-0.6729666516184807,0.21234075068647862,0.43443430680781603,0.47547445446252823,2.9886458473278115,0.16830985806882381,0.9683098580688239,0.9683098580688239,0.852116503752768,3.2225398045033216,3.2225398045033216
209,0.22267730347812176,-1.218581572175026,0.06045307935511694,0.5169684085994959,1.135747268795967,13.669331277256473,0.744007564149797,2.9520605131983757,895.4895314926109,0.7064132299274206,1.5064132299274207,1.5064132299274207,0.029337367974221706,2.2352048415690664,2.2352048415690664
210,0.313430848531425,-0.4925532117486,0.32169683508544483,0.08080701436847448,-2.353543885052204,0.0044305344209027335,0.10458769276738167,-2.1632984578609467,0.00686596431871982,0.3318593828007579,1.131859382800758,1.131859382800758,0.328947558067739,2.594737069681287,2.594737069681287
211,0.5688923774287105,1.5511390194296837,35.57451758223205,0.8535271100699902,3.8282168805599213,6733.128152968212,0.7950146179646254,3.360116943717003,2291.4846043117727,0.7937865881249309,1.593786588124931,1.593786588124931,0.5373993972316384,2.844879276677966,2.844879276677966
212,0.634289494715631,2.074315957725048,118.66317319912547,0.24393478780984879,-1.0485216975212097,0.08942898517476722,0.5868325168266892,1.694660134613514,49.50626185288221,0.9956235541030765,1.7956235541030765,1.7956235541030765,0.6751696188002825,3.010203542560339,3.010203542560339
213,0.3906119232997298,0.12489538639783859,1.333200249910959,0.9389270944520831,4.511416755616665,32465.100798264622,0.27922000270336866,-0.7662399783730507,0.17130104866655568,0.37939518224447966,1.1793951822444797,1.1793951822444797,0.4431306980550289,2.7317568376660346,2.7317568376660346
214,0.04204205609858036,-2.663663551211357,0.0021693840801059114,0.37759832851588726,0.020786628127098083,1.0490269078716077,0.8898307979106903,4.1186463832855225,13141.54369151986,0.5039640199393034,1.3039640199393034,1.3039640199393034,0.13583827391266823,2.363005928695202,2.363005928695202
215,0.7943828050047159,3.3550624400377274,2264.9699268387403,0.6817214908078313,2.4537719264626503,284.29677060438485,0.19744313694536686,-1.4204549044370651,0.0379791373081858,0.12016181461513042,0.9201618146151305,0.9201618146151305,0.9975684825330973,3.3970821790397165,3.3970821790397165
216,0.8373856078833342,3.6990848630666733,5001.322534884041,0.024207585491240025,-2.80633931607008,0.0015619268259167937,0.9446875974535942,4.557500779628754,36099.46616295699,0.46604833379387856,1.2660483337938786,1.2660483337938786,0.12282253801822662,2.347387045621872,2.347387045621872
217,0.09278920106589794,-2.2576863914728165,0.005524762440701488,0.781699413433671,3.253595307469368,1793.0620030285445,0.12730945833027363,-1.981524333357811,0.010434596664348605,0.9084446467459202,1.7084446467459202,1.7084446467459202,0.7611030172556639,3.1133236207067965,3.1133236207067965
218,0.49605419021099806,0.9684335216879845,9.298941631275383,0.34733188059180975,-0.221344955265522,0.6006964214738826,0.5162105271592736,1.129684217274189,13.479823858018234,0.03387592826038599,0.833875928260386,0.833875928260386,0.5678850915282965,2.8814621098339557,2.8814621098339557
219,0.7475971607491374,2.980777285993099,956.7033308322724,0.5889545641839504,1.7116365134716034,51.479759991331804,0.3335884911939502,-0.3312920704483986,0.46634564942605633,0.591509954072535,1.391509954072535,1.391509954072535,0.2998964264988899,2.559875711798668,2.559875711798668
220,0.549326098524034,1.3946087881922722,24.808973099286476,0.4461667463183403,0.5693339705467224,3.709658832574221,0.03458751365542412,-2.723299890756607,0.0018910373610401417,0.635643252171576,1.435643252171576,1.435643252171576,0.4121537460014224,2.694584495201707,2.694584495201707
221,0.3017471944913268,-0.5860224440693855,0.25940453000029795,0.7347564650699496,2.878051720559597,755.1821577008348,0.850020145997405,3.8001611679792404,6311.915380873489,0.2401219392195344,1.0401219392195344,1.0401219392195344,0.70367441046983,3.044409292563796,3.044409292563796
222,0.14067351259291172,-1.8746118992567062,0.01334713646192547,0.17552482895553112,-1.595801368355751,0.025362883780004498,0.4889515833929181,0.9116126671433449,8.158544132707803,0.8646756671369076,1.6646756671369076,1.6646756671369076,0.904591497965157,3.2855097975581886,3.2855097975581886
223,0.8969232235103846,4.1753857880830765,14975.65367534708,0.8857454033568501,4.085963226854801,12188.863874274784,0.6735191335901618,2.3881530687212944,244.42919007532052,0.26016664132475853,1.0601666413247586,1.0601666413247586,0.22738117258995771,2.4728574071079494,2.4728574071079494
224,0.8814154798164964,4.051323838531971,11254.438661355382,0.4828493380919099,0.8627947047352791,7.291127700164311,0.751098794862628,3.008790358901024,1020.4467783327194,0.10907887481153011,0.9090788748115302,0.9090788748115302,0.6410760069265962,2.9692912083119154,2.9692912083119154
225,0.12590972427278757,-1.9927222058176994,0.010168989389458295,0.7097630295902491,2.6781042367219925,476.54535059912,0.06653327122330666,-2.4677338302135468,0.003406168825349254,0.5163222756236792,1.3163222756236792,1.3163222756236792,0.4755158042535186,2.770618965104222,2.770618965104222
226,0.28527823463082314,-0.7177741229534149,0.19152517906252206,0.14558087196201086,-1.8353530243039131,0.014609890996304074,0.7098593031987548,2.6788744255900383,477.3912180508758,0.39084539096802473,1.1908453909680248,1.1908453909680248,0.16424800362437963,2.3970976043492556,2.3970976043492556
227,0.5335703976452351,1.2685631811618805,18.55936791481821,0.9196137003600597,4.356909602880478,22746.239252120624,0.3944248827174306,0.15539906173944473,1.4302075348774452,0.9836323289200664,1.7836323289200664,1.7836323289200664,0.9674492934718728,3.3609391521662473,3.3609391521662473
228,0.7318451553583145,2.854761242866516,715.7498124043617,0.060936905443668365,-2.512504756450653,0.0030725237143967446,0.22371979989111423,-1.2102416008710861,0.06162520814077766,0.8051129831001163,1.6051129831001163,1.6051129831001163,0.8239466268569231,3.1887359522283076,3.1887359522283076
229,0.4795815348625183,0.8366522789001465,6.86518553733612,0.7566916747018695,3.053533397614956,1131.1843750293558,0.9063398092985153,4.250718474388123,17812.23738564847,0.3197445822879672,1.1197445822879672,1.1197445822879672,0.05970403179526329,2.271644838154316,2.271644838154316
230,0.07802934665232897,-2.3757652267813683,0.004209541285068006,0.31740222685039043,-0.4607821851968765,0.34611292278090416,0.29963535349816084,-0.6029171720147133,0.24950705376394855,0.6952059399336576,1.4952059399336577,1.4952059399336577,0.36327433958649635,2.635929207503796,2.635929207503796
231,0.8218739302828908,3.5749914422631264,3758.2999851641907,0.6227761330083013,1.98220906406641,95.98625864587568,0.6170152807608247,1.9361222460865974,86.32214948999643,0.18054400198161602,0.9805440019816161,0.9805440019816161,0.5052703563123941,2.806324427574873,2.806324427574873
232,0.8101210976019502,3.4809687808156013,3026.695846768796,0.21816223207861185,-1.2547021433711052,0.05562856495481718,0.36975284945219755,-0.041977204382419586,0.9078681818836994,0.2800939418375492,1.0800939418375493,1.0800939418375493,0.38001324236392975,2.656015890836716,2.656015890836716
233,0.058532231487333775,-2.53174214810133,0.002939394328635533,0.976417476311326,4.811339810490608,64764.91658274116,0.5621384838595986,1.497107870876789,31.412888361899377,0.8455367721617222,1.6455367721617222,1.6455367721617222,0.7380126547068357,3.085615185648203,3.085615185648203
234,0.40538929775357246,0.2431143820285797,1.7503076140610272,0.41018205787986517,0.28145646303892136,1.9118616555361292,0.1693312544375658,-1.6453499644994736,0.022628201401103845,0.2200752953067422,1.0200752953067422,1.0200752953067422,0.9349543359130621,3.3219452030956744,3.3219452030956744
235,0.6497874595224857,2.198299676179886,157.87002443224844,0.653056439012289,2.2244515120983124,167.6685127562452,0.9769455567002296,4.815564453601837,65397.99799082187,0.654663042165339,1.454663042165339,1.454663042165339,0.1992151215672493,2.4390581458806992,2.4390581458806992
236,0.5843866467475891,1.675093173980713,47.32527802045863,0.2650903984904289,-0.8792768120765686,0.13204537306704422,0.6548718651756644,2.2389749214053154,173.3703881095674,0.5713391983881593,1.3713391983881593,1.3713391983881593,0.09269955288618803,2.311239463463426,2.311239463463426
237,0.3282119184732437,-0.3743046522140503,0.42237222142419434,0.554503615014255,1.4360289201140404,27.291595142824196,0.4644469665363431,0.7155757322907448,5.194882539935106,0.0527713680639863,0.8527713680639863,0.8527713680639863,0.7895165430381894,3.1474198516458274,3.1474198516458274
238,0.23916354496032,-1.08669164031744,0.08190461244688055,0.11334591917693615,-2.093232646584511,0.008068027194822802,0.8216091897338629,3.572873517870903,3740.0164971545382,0.9282483719289303,1.7282483719289303,1.7282483719289303,0.6002587648108602,2.920310517773032,2.920310517773032
239,0.9869116069748998,4.895292855799198,78576.5317510859,0.824878272600472,3.599026180803776,3972.154942992636,0.012034144252538681,-2.9037268459796906,0.0012481683158248264,0.4467856250703335,1.2467856250703335,1.2467856250703335,0.2658142475411296,2.5189770970493557,2.5189770970493557
240,0.9455407969653606,4.564326375722885,36671.305887191156,0.06503374688327312,-2.479730024933815,0.0033133703001325242,0.5044709956273437,1.0357679650187492,10.858453228564647,0.7189498692750931,1.5189498692750931,1.5189498692750931,0.9705210393294692,3.364625247195363,3.364625247195363
241,0.20143279060721397,-1.3885376751422882,0.04087542910479276,0.869278502650559,3.9542280212044716,8999.699761465692,0.3140461118891835,-0.48763110488653183,0.3253635478720722,0.1554601639509201,0.9554601639509201,0.9554601639509201,0.14775043074041605,2.3773005168884995,2.3773005168884995
242,0.3542094985023141,-0.16632401198148727,0.6818298148678098,0.3066219761967659,-0.5470241904258728,0.28377609592952663,0.9563650321215391,4.650920256972313,44763.11047969452,0.7810058044269681,1.5810058044269681,1.5810058044269681,0.46248957607895136,2.7549874912947416,2.7549874912947416
243,0.6062406310811639,1.849925048649311,70.78236163242092,0.501247595064342,1.0099807605147362,10.232476608404852,0.14678997173905373,-1.8256802260875702,0.014938939687774246,0.3444649325683713,1.1444649325683713,1.1444649325683713,0.6709498455747962,3.0051398146897554,3.0051398146897554
244,0.6599228130653501,2.2793825045228004,190.27533906886376,0.39311988558620214,0.14495908468961716,1.3962368140156327,0.4693710235878825,0.7549681887030602,5.6881126490627985,0.4296024413779378,1.2296024413779378,1.2296024413779378,0.5567582361400127,2.868109883368015,2.868109883368015
245,0.4118555085733533,0.2948440685868263,1.9717146740289475,0.666206669062376,2.329653352499008,213.62562803109284,0.6617566728964448,2.2940533831715584,196.8128195769465,0.9462171467021108,1.7462171467021108,1.7462171467021108,0.32472782023251057,2.589673384279013,2.589673384279013
246,0.001270107924938202,-2.9898391366004944,0.001023672091914838,0.22844380978494883,-1.1724495217204094,0.06722804440857286,0.054106200113892555,-2.5671503990888596,0.002709253236866034,0.07068697363138199,0.870686973631382,0.870686973631382,0.0022899899631738663,2.2027479879558087,2.2027479879558087
247,0.7570316568017006,3.0562532544136047,1138.2908750778834,0.954411456361413,4.635291650891304,43180.89612182112,0.8617204874753952,3.8937638998031616,7830.038542019189,0.5541028454899788,1.3541028454899788,1.3541028454899788,0.8640285916626453,3.2368343099951744,3.2368343099951744
248,0.8625278137624264,3.900222510099411,7947.353118283119,0.3628456871956587,-0.09723450243473053,0.7994024916329667,0.12410158105194569,-2.0071873515844345,0.009835867018411808,0.8919326085597277,1.6919326085597277,1.6919326085597277,0.23878598026931286,2.486543176323176,2.486543176323176
249,0.11452389881014824,-2.083808809518814,0.008245010071462335,0.5734319956973195,1.587455965578556,38.67728365857216,0.806721605360508,3.4537728428840637,2842.973705105179,0.4827360827475786,1.2827360827475787,1.2827360827475787,0.8770748376846313,3.2524898052215576,3.2524898052215576
250,0.4547891626134515,0.6383133009076118,4.348237938073693,0.008724115788936615,-2.930207073688507,0.0011743374916905933,0.41486045252531767,0.31888362020254135,2.0839323677684405,0.6082661366090178,1.408266136609018,1.408266136609018,0.6999619826674461,3.0399543792009354,3.0399543792009354
251,0.7107390919700265,2.685912735760212,485.190999319955,0.7971912873908877,3.377530299127102,2385.230198389846,0.7322403648868203,2.8579229190945625,720.9795045311779,0.017432323656976223,0.8174323236569763,0.8174323236569763,0.43198183737695217,2.7183782048523426,2.7183782048523426
252,0.5241829650476575,1.19346372038126,15.61218613144414,0.1597743323072791,-1.7218053415417671,0.018975562488604356,0.90149967931211,4.21199743449688,16292.864079452262,0.1938900789245963,0.9938900789245964,0.9938900789245964,0.29618405271321535,2.5554208632558586,2.5554208632558586
253,0.28001723159104586,-0.7598621472716331,0.1738352524937068,0.901519563049078,4.212156504392624,16298.832791906054,0.2169341705739498,-1.2645266354084015,0.054384277666001825,0.6812116047367454,1.4812116047367454,1.4812116047367454,0.5877131326124072,2.9052557591348886,2.9052557591348886
254,0.1819356456398964,-1.5445148348808289,0.028542050165439915,0.46188654843717813,0.6950923874974251,4.955555991720843,0.5751034459099174,1.6008275672793388,39.88665045583326,0.3056660834699869,1.105666083469987,1.105666083469987,0.7725077448412776,3.1270092938095333,3.1270092938095333
255,0.9337879940867424,4.470303952693939,29532.7543291598,0.7190126422792673,2.7521011382341385,565.0685523107808,0.25966901052743196,-0.9226479157805443,0.11949564677223874,0.8183748964220285,1.6183748964220286,1.6183748964220286,0.09530596155673265,2.3143671538680795,2.3143671538680795
256,0.9357192078605294,4.485753662884235,30602.271432342135,0.46448488533496857,0.7158790826797485,5.198512381431668,0.06916767172515392,-2.4466586261987686,0.0035755378009051514,0.18292223382741213,0.9829222338274122,0.9829222338274122,0.36912387795746326,2.642948653548956,2.642948653548956
257,0.18000245187431574,-1.559980385005474,0.027543531014210688,0.7217940865084529,2.774352692067623,594.7749813805103,0.7537332363426685,3.0298658907413483,1071.1884733235704,0.6916938023641706,1.4916938023641706,1.4916938023641706,0.5150155387818813,2.8180186465382575,2.8180186465382575
258,0.27796579524874687,-0.776273638010025,0.16738878691257256,0.15699299238622189,-1.744056060910225,0.01802785013306454,0.3916881447657943,0.13350515812635422,1.3598943146871743,0.3171555697917938,1.1171555697917939,1.1171555697917939,0.8141976334154606,3.1770371600985525,3.1770371600985525
259,0.5262324474751949,1.2098595798015594,16.212858031473758,0.8989213304594159,4.191370643675327,15537.12442464219,0.7071226360276341,2.656981088221073,453.9218497479226,0.8083533048629761,1.6083533048629761,1.6083533048629761,0.053858304396271706,2.2646299652755264,2.2646299652755264
260,0.7088174149394035,2.6705393195152283,468.3163491913196,0.01144357118755579,-2.9084514304995537,0.00123466338653312,0.9090772364288568,4.272617891430855,18733.455431128627,0.9810261949896812,1.7810261949896813,1.7810261949896813,0.15840549115091562,2.3900865893810987,2.3900865893810987
261,0.45670900493860245,0.6536720395088196,4.5047639568868965,0.7998497057706118,3.398797646164894,2504.9418361874114,0.2264571487903595,-1.188342809677124,0.06481226369815093,0.3941296264529228,1.1941296264529229,1.1941296264529229,0.9576975619420409,3.349237074330449,3.349237074330449
262,0.11655435431748629,-2.0675651654601097,0.00855923271638622,0.360187373124063,-0.11850101500749588,0.7612003599709706,0.6143816290423274,1.9150530323386192,82.23430613382529,0.5186528088524938,1.3186528088524938,1.3186528088524938,0.6508315643295646,2.9809978771954775,2.9809978771954775
263,0.8604954974725842,3.883963979780674,7655.331112527442,0.5707126446068287,1.5657011568546295,36.78757468964182,0.2970016533508897,-0.6239867731928825,0.2376912676415838,0.10558007378131151,0.9055800737813116,0.9055800737813116,0.4813544908538461,2.777625389024615,2.777625389024615
264,0.7550526866689324,3.0404214933514595,1097.5428714486502,0.22920238971710205,-1.1663808822631836,0.06817405360108501,0.5598891479894519,1.479113183915615,30.137913628807745,0.4474386340007186,1.2474386340007186,1.2474386340007186,0.606138582341373,2.9273662988096474,2.9273662988096474
265,0.0032470980659127235,-2.974023215472698,0.0010616388051411228,0.9551090029999614,4.640872023999691,43739.319704999696,0.36750343535095453,-0.05997251719236374,0.8710187075852102,0.9269172614440322,1.7269172614440322,1.7269172614440322,0.2755897091701627,2.5307076510041955,2.5307076510041955
266,0.41370662674307823,0.30965301394462585,2.040107319171828,0.392422204837203,0.1393776386976242,1.3784075356372918,0.9790907669812441,4.832726135849953,68034.02039189672,0.0523939598351717,0.8523939598351717,0.8523939598351717,0.08292028028517962,2.2995043363422156,2.2995043363422156
267,0.6580697409808636,2.2645579278469086,183.88992168660135,0.665447955019772,2.3235836401581764,210.66075684895006,0.17147641628980637,-1.628188669681549,0.02354026406753893,0.5728848744183779,1.372884874418378,1.372884874418378,0.7836405364796519,3.1403686437755822,3.1403686437755822
268,0.6082367673516273,1.8658941388130188,73.43348489956898,0.3072594413533807,-0.5419244691729546,0.28712799005679535,0.46230059769004583,0.6984047815203667,4.993496864599848,0.6542379353195429,1.454237935319543,1.454237935319543,0.929081067442894,3.314897280931473,3.314897280931473
269,0.35221152752637863,-0.18230777978897095,0.6571919274911711,0.5020681638270617,1.0165453106164932,10.388319797196667,0.6527255373075604,2.2218042984604836,166.64960877816105,0.2216343078762293,1.0216343078762293,1.0216343078762293,0.1894326340407133,2.4273191608488562,2.4273191608488562
270,0.19956832099705935,-1.4034534320235252,0.03949540467088636,0.06421304401010275,-2.486295647919178,0.003263655816963117,0.014282261952757835,-2.8857419043779373,0.0013009424817234515,0.8461726596578956,1.6461726596578956,1.6461726596578956,0.38979955576360226,2.6677594669163227,2.6677594669163227
271,0.9474034057930112,4.5792272463440895,37951.35150099399,0.8686409033834934,3.9491272270679474,8894.616485075918,0.8238573782145977,3.5908590257167816,3898.154299891873,0.2788067450746894,1.0788067450746894,1.0788067450746894,0.7438820973038673,3.092658516764641,3.092658516764641
272,0.9848907329142094,4.879125863313675,75705.2265297834,0.11649262066930532,-2.0680590346455574,0.008549504896035951,0.3158259755000472,-0.47339219599962234,0.3362078148443801,0.5515510616824031,1.3515510616824031,1.3515510616824031,0.00817064568400383,2.209804774820805,2.209804774820805
273,0.24118255451321602,-1.0705395638942719,0.08500812479100699,0.828086007386446,3.624688059091568,4213.937200294745,0.506250930018723,1.050007440149784,11.220376764132633,0.07402555923908949,0.8740255592390895,0.8740255592390895,0.8738032151013613,3.248563858121633,3.248563858121633
274,0.3301126891747117,-0.35909848660230637,0.43742289786484395,0.26188276801258326,-0.904937855899334,0.12446927046970785,0.145151911303401,-1.838784709572792,0.01449490223330602,0.948495214805007,1.748495214805007,1.748495214805007,0.5469797942787409,2.856375753134489,2.856375753134489
275,0.5824840450659394,1.6598723605275154,45.695387079384346,0.5513570178300142,1.4108561426401138,25.75467907885132,0.9547270126640797,4.637816101312637,43432.62730788826,0.4260511752218008,1.2260511752218008,1.2260511752218008,0.3188509829342365,2.582621179521084,2.582621179521084
276,0.6518483879044652,2.2147871032357216,163.9785731995023,0.4134517814964056,0.3076142519712448,2.0305526370033586,0.6633954821154475,2.30716385692358,202.84478974182406,0.3467563968151808,1.1467563968151808,1.1467563968151808,0.456617153249681,2.7479405838996174,2.7479405838996174
277,0.40332641918212175,0.22661135345697403,1.6850444181440514,0.6561430590227246,2.249144472181797,177.47797800407352,0.47100978437811136,0.7680782750248909,5.862438165915109,0.7774068992584944,1.5774068992584944,1.5774068992584944,0.6611665124073625,2.9933998148888348,2.9933998148888348
278,0.056579962372779846,-2.5473603010177612,0.00283556559977307,0.21507571637630463,-1.279394268989563,0.052553994467942795,0.8599413130432367,3.879530504345894,7577.579550456602,0.1529522342607379,0.9529522342607379,0.9529522342607379,0.9803081760182977,3.376369811221957,3.376369811221957
279,0.8120713829994202,3.4965710639953613,3137.4084651179196,0.973147857002914,4.785182856023312,60979.35916379749,0.05232694745063782,-2.5813844203948975,0.0026218967160851303,0.7222712738439441,1.5222712738439441,1.5222712738439441,0.15361905004829168,2.3843428600579504,2.3843428600579504
280,0.8237556107342243,3.5900448858737946,3890.853562667001,0.3187110787257552,-0.4503113701939583,0.3545590946850044,0.8055709172040224,3.4445673376321793,2783.346900082483,0.8180365571752191,1.618036557175219,1.618036557175219,0.7783581214025617,3.134029745683074,3.134029745683074
281,0.07614580169320107,-2.3908335864543915,0.004065991005109643,0.6239018775522709,1.9912150204181671,97.99750537218452,0.12295084446668625,-2.01639324426651,0.009629566922735002,0.30731186363846064,1.1073118636384607,1.1073118636384607,0.10505030583590269,2.3260603670030835,2.3260603670030835
282,0.4775721216574311,0.820576973259449,6.615717824090546,0.05981102678924799,-2.521511785686016,0.0030094574984769556,0.7335310680791736,2.8682485446333885,738.3266500171924,0.6817664094269276,1.4817664094269276,1.4817664094269276,0.2864358900114894,2.5437230680137874,2.5437230680137874
283,0.73385273758322,2.87082190066576,742.7144964857935,0.755382688716054,3.0430615097284317,1104.2350031589178,0.41615107748657465,0.3292086198925972,2.1340697995232554,0.19252179935574532,0.9925217993557454,0.9925217993557454,0.5818665744736791,2.8982398893684147,2.8982398893684147
284,0.5317364009097219,1.2538912072777748,17.942840942892598,0.14676669798791409,-1.8258664160966873,0.01493253646304606,0.21564224921166897,-1.2748620063066483,0.05310531554354365,0.018030982464551926,0.818030982464552,0.818030982464552,0.6941203158348799,3.0329443790018558,3.0329443790018558
285,0.2871102811768651,-0.7031177505850792,0.1980989845738813,0.9208605634048581,4.366884507238865,23274.722262236355,0.9002078287303448,4.201662629842758,15909.72342191813,0.6068806760013103,1.4068806760013104,1.4068806760013104,0.42222926020622253,2.706675112247467,2.706675112247467
286,0.12787526845932007,-1.9769978523254395,0.010543921105618456,0.48160234093666077,0.8528187274932861,7.1255555065861715,0.2608185401186347,-0.9134516790509224,0.12205296130946036,0.4824111396446824,1.2824111396446825,1.2824111396446825,0.24854236096143723,2.4982508331537248,2.4982508331537248
287,0.8794479519128799,4.0355836153030396,10853.845000607997,0.7085770694538951,2.6686165556311607,466.24754238193276,0.5762530164793134,1.610024131834507,40.74029147635681,0.8935307497158647,1.6935307497158647,1.6935307497158647,0.8829127009958029,3.2594952411949634,3.2594952411949634
288,0.8949462799355388,4.15957023948431,14440.101286145842,0.17275195475667715,-1.6179843619465828,0.024099922059999265,0.9986407794058323,4.989126235246658,97527.30766088728,0.7413443503901362,1.5413443503901363,1.5413443503901363,0.48508791252970695,2.7821054950356485,2.7821054950356485
289,0.1426522908732295,-1.858781673014164,0.013842620954275277,0.883155632764101,4.065245062112808,11621.041767875031,0.18320832960307598,-1.5343333631753922,0.029219086682644845,0.132959115318954,0.932959115318954,0.932959115318954,0.6309862900525331,2.95718354806304,2.95718354806304
290,0.303600100800395,-0.5711991935968399,0.26841130674336744,0.4487563828006387,0.5900510624051094,3.890908898736799,0.5404010089114308,1.3232080712914467,21.04786605405028,0.7584586199373007,1.5584586199373007,1.5584586199373007,0.9462756011635065,3.335530721396208,3.335530721396208
291,0.5474750529974699,1.3798004239797592,23.977308107461177,0.7375292051583529,2.900233641266823,794.7556815210928,0.35583364125341177,-0.15333086997270584,0.7025368838194248,0.36687455140054226,1.1668745514005423,1.1668745514005423,0.1859431155025959,2.4231317386031153,2.4231317386031153
292,0.7495950851589441,2.996760681271553,992.5689408539417,0.3446801211684942,-0.2425590306520462,0.572059193309052,0.026052340865135193,-2.7915812730789185,0.00161591579826811,0.40722346119582653,1.2072234611958266,1.2072234611958266,0.04243639763444662,2.250923677161336,2.250923677161336
293,0.49405824579298496,0.9524659663438797,8.96325942266295,0.58624177146703,1.6899341717362404,48.97045866823714,0.8434303048998117,3.747442439198494,5590.394283326745,0.9687336962670088,1.7687336962670088,1.7687336962670088,0.8417352074757218,3.210082248970866,3.210082248970866
294,0.09092675801366568,-2.2725859358906746,0.005338436289739564,0.026920244097709656,-2.7846380472183228,0.0016419576550785273,0.45059261564165354,0.6047409251332283,4.024768683717424,0.0932186646386981,0.8932186646386981,0.8932186646386981,0.5187488803640008,2.822498656436801,2.822498656436801
295,0.839250004850328,3.7140000388026237,5176.068781968473,0.7843510387465358,3.2748083099722862,1882.8178630145953,0.633214476518333,2.0657158121466637,116.3364513267708,0.5316777331754565,1.3316777331754566,1.3316777331754566,0.34927868749946356,2.6191344249993564,2.6191344249993564
296,0.7963158069178462,3.3705264553427696,2347.0722318279513,0.3768921857699752,0.015137486159801483,1.0354699172188264,0.379988775588572,0.0399102047085762,1.096251510322263,0.8811047682538629,1.681104768253863,1.681104768253863,0.7245441870763898,3.0694530244916676,3.0694530244916676
297,0.04011088889092207,-2.6791128888726234,0.0020935681908830495,0.6809543110430241,2.4476344883441925,280.30735174558316,0.6876011146232486,2.5008089169859886,316.81732079696116,0.4934263536706567,1.2934263536706567,1.2934263536706567,0.39400217961519957,2.6728026155382394,2.6728026155382394
298,0.3885625135153532,0.10850010812282562,1.2838080900918738,0.24470207188278437,-1.042383424937725,0.09070193976861567,0.08092723041772842,-2.3525821566581726,0.004440356539979254,0.6189415045082569,1.418941504508257,1.418941504508257,0.21646289806813002,2.4597554776817563,2.4597554776817563
299,0.6363407652825117,2.0907261222600937,123.23274494176681,0.9396333415061235,4.517066732048988,32890.21648572582,0.7733147162944078,3.1865177303552628,1536.4475185224705,0.006650377064943314,0.8066503770649434,0.8066503770649434,0.9171899082139134,3.3006278898566963,3.3006278898566963
300,0.5669727269560099,1.535781815648079,34.338539184576625,0.07997975312173367,-2.3601619750261307,0.004363530590922966,0.594898228533566,1.759185828268528,57.43621708237784,0.20470241829752922,1.0047024182975293,1.0047024182975293,0.8106707613915205,3.1728049136698244,3.1728049136698244
301,0.3153524789959192,-0.4771801680326462,0.3332881187613952,0.8528829561546445,3.823063649237156,6653.706643068165,0.2853251537308097,-0.7173987701535225,0.19169078233531736,0.6705058328807354,1.4705058328807354,1.4705058328807354,0.07102915644645691,2.2852349877357483,2.2852349877357483
302,0.22470954712480307,-1.2023236230015755,0.06275905232106857,0.29152342677116394,-0.6678125858306885,0.21487575426233324,0.9286206029355526,4.428964823484421,26851.26949836571,0.29500620905309916,1.0950062090530992,1.0950062090530992,0.25625186413526535,2.5075022369623188,2.5075022369623188
303,0.9691390907391906,4.753112725913525,56638.62817548919,0.5177957741543651,1.1423661932349205,13.879256221326326,0.23819386027753353,-1.0944491177797318,0.08045460041567765,0.8291723364964128,1.6291723364964128,1.6291723364964128,0.6103411372750998,2.9324093647301197,2.9324093647301197
304,0.9636490847915411,4.709192678332329,51190.88977762626,0.2773965746164322,-0.7808274030685425,0.16564281288888663,0.7452991278842092,2.9623930230736732,917.0500166187477,0.11781602073460817,0.9178160207346082,0.9178160207346082,0.1260857004672289,2.351302840560675,2.351302840560675
305,0.2155511137098074,-1.2755910903215408,0.05301623830034135,0.5358344493433833,1.2866755947470665,19.34976053571256,0.43572603818029165,0.4858083054423332,3.0606122026041316,0.5074475603178144,1.3074475603178144,1.3074475603178144,0.9917268119752407,3.390072174370289,3.390072174370289
306,0.36746571492403746,-0.06027428060770035,0.8704137026951427,0.10100915096700191,-2.1919267922639847,0.006427960624156764,0.793864730745554,3.3509178459644318,2243.457496284162,0.3820165693759918,1.1820165693759919,1.1820165693759919,0.6810074783861637,3.0172089740633963,3.0172089740633963
307,0.6232579303905368,1.9860634431242943,96.84193157136522,0.8435778813436627,3.748623050749302,5605.612213791012,0.1034380029886961,-2.172495976090431,0.006722085373597888,0.9923545718193054,1.7923545718193055,1.7923545718193055,0.4528870824724436,2.743464498966932,2.743464498966932
308,0.6730948379263282,2.3847587034106255,242.52622305999793,0.19932521972805262,-1.405398242175579,0.03931893607612626,0.28037057165056467,-0.7570354267954826,0.1749703953832956,0.7963603362441063,1.5963603362441063,1.5963603362441063,0.33869189862161875,2.6064302783459428,2.6064302783459428
309,0.4289568802341819,0.43165504187345505,2.701811475055547,0.9889220166951418,4.911376133561134,81541.01883654471,0.58798289578408,1.7038631662726402,50.56653162728125,0.3286037966609001,1.1286037966609002,1.1286037966609002,0.5432497775182128,2.851899733021855,2.851899733021855
310,0.01923358626663685,-2.846131309866905,0.001425176623248158,0.42917158361524343,0.4333726689219475,2.7125182505863834,0.19615231454372406,-1.4307814836502075,0.03708672776396767,0.7040502550080419,1.504050255008042,1.504050255008042,0.8462699493393302,3.215523939207196,3.215523939207196
311,0.7712946701794863,3.17035736143589,1480.3259809537108,0.6403992362320423,2.1231938898563385,132.7987202493404,0.8885398153215647,4.108318522572517,12832.71421358555,0.17183725256472826,0.9718372525647283,0.9718372525647283,0.019589201547205448,2.2235070418566467,2.2235070418566467
312,0.8454874511808157,3.7638996094465256,5806.301848160049,0.04403775930404663,-2.647697925567627,0.0022506194846203128,0.12567052990198135,-1.9946357607841492,0.010124282135157635,0.2595460182055831,1.0595460182055831,1.0595460182055831,0.8948081685230136,3.2737698022276165,3.2737698022276165
313,0.1012908723205328,-2.1896730214357376,0.006461405225415271,0.7711340812966228,3.169072650372982,1475.9534155235765,0.9430484790354967,4.544387832283974,35025.781353258986,0.8659781282767653,1.6659781282767654,1.6659781282767654,0.22150874603539705,2.4658104952424766,2.4658104952424766
314,0.4407092882320285,0.5256743058562279,3.354859260738588,0.3344538863748312,-0.3243689090013504,0.4738393141247611,0.3353675464168191,-0.31705962866544724,0.48188163069826756,0.24053178913891315,1.0405317891389132,1.0405317891389132,0.41802236158400774,2.7016268339008094,2.7016268339008094
315,0.6925924820825458,2.540739856660366,347.3280488624704,0.608181064017117,1.8654485121369362,73.35817393432629,0.5179894221946597,1.1439153775572777,13.92885372264657,0.6340689826756716,1.4340689826756716,1.4340689826756716,0.7134615508839488,3.0561538610607384,3.0561538610607384
316,0.510003580711782,1.0800286456942558,12.023437375712275,0.49712389800697565,0.9769911840558052,9.483992111120465,0.8482399247586727,3.7859193980693817,6108.286489833476,0.5919026229530573,1.3919026229530573,1.3919026229530573,0.5776597112417221,2.8931916534900664,2.8931916534900664
317,0.2619700124487281,-0.9042399004101753,0.12466946609568003,0.6930622477084398,2.5444979816675186,350.3466601029261,0.03280746005475521,-2.7375403195619583,0.0018300361992865985,0.03234551288187504,0.8323455128818751,0.8323455128818751,0.3057770859450102,2.5669325031340122,2.5669325031340122
318,0.16473527438938618,-1.6821178048849106,0.020791326338783705,0.13127571996301413,-1.949794240295887,0.011225501692862154,0.6751568363979459,2.401254691183567,251.91538476925817,0.907776384614408,1.707776384614408,1.707776384614408,0.11694570444524288,2.340334845334292,2.340334845334292
319,0.920714857056737,4.365718856453896,23212.336431670705,0.936344925314188,4.490759402513504,30957.038159684,0.490589483641088,0.9247158691287041,8.408448510961154,0.4673641910776496,1.2673641910776496,1.2673641910776496,0.7513245716691017,3.101589486002922,3.101589486002922
320,0.9111517518758774,4.289214015007019,19463.189675133053,0.016324548982083797,-2.8694036081433296,0.0013508166089428034,0.648156488314271,2.185251906514168,153.1975805422062,0.8690657261759043,1.6690657261759043,1.6690657261759043,0.6405700705945492,2.968684084713459,2.968684084713459
321,0.15964999794960022,-1.7228000164031982,0.018932152042711807,0.7891061566770077,3.3128492534160614,2055.1771061379236,0.45577649772167206,0.6462119817733765,4.4280445516566544,0.2567474190145731,1.0567474190145731,1.0567474190145731,0.4935693461447954,2.7922832153737547,2.7922832153737547
322,0.2573653878644109,-0.941076897084713,0.11453101324957798,0.3553019994869828,-0.15758400410413742,0.6956903766627633,0.8129387525841594,3.503510020673275,3187.9391316107194,0.631255223415792,1.431255223415792,1.431255223415792,0.1794090811163187,2.415290897339583,2.415290897339583
323,0.5019129486754537,1.0153035894036293,10.358660258839707,0.581452751532197,1.651622012257576,44.835499477285836,0.0053186798468232155,-2.9574505612254143,0.0011029337813601818,0.2435429533943534,1.0435429533943534,1.0435429533943534,0.9386468566954136,3.326376228034496,3.326376228034496
324,0.7021403545513749,2.6171228364109993,414.11678758271904,0.43811538629233837,0.504923090338707,3.1983286641885416,0.36279515735805035,-0.09763874113559723,0.7986587587696141,0.04511087294667959,0.8451108729466796,0.8451108729466796,0.8322717165574431,3.1987260598689318,3.1987260598689318
325,0.44580978993326426,0.566478319466114,3.6853464367427824,0.7422991069033742,2.9383928552269936,867.7464691879613,0.553229633718729,1.4258370697498322,26.6585835143497,0.5793041801080108,1.3793041801080108,1.3793041801080108,0.0338313365355134,2.240597603842616,2.240597603842616
326,0.10591072216629982,-2.1527142226696014,0.007035351124349391,0.1833590492606163,-1.5331276059150696,0.029300322065067844,0.16042237635701895,-1.7166209891438484,0.019203439028437425,0.4548113662749529,1.254811366274953,1.254811366274953,0.3559325197711587,2.6271190237253905,2.6271190237253905
327,0.8535628505051136,3.828502804040909,6737.562455925738,0.8784119142219424,4.027295313775539,10648.668656929727,0.9699879558756948,4.759903647005558,57531.228383643764,0.9206486362963915,1.7206486362963915,1.7206486362963915,0.526253535412252,2.8315042424947023,2.8315042424947023
328,0.779317170381546,3.234537363052368,1716.0793408345878,0.28284652438014746,-0.7372278049588203,0.18313535516399543,0.23067526426166296,-1.1545978859066963,0.07004902811258208,0.5083577707409859,1.308357770740986,1.308357770740986,0.4010222302749753,2.6812266763299704,2.6812266763299704
329,0.02390645444393158,-2.8087483644485474,0.0015532867426718004,0.5245307199656963,1.1962457597255707,15.712516969274578,0.9152503656223416,4.322002924978733,20989.540200573305,0.11673889309167862,0.9167388930916787,0.9167388930916787,0.7307060612365603,3.0768472734838723,3.0768472734838723
330,0.43412565905600786,0.4730052724480629,2.971702108756207,0.08862943295389414,-2.290964536368847,0.00511723620176187,0.3085458781570196,-0.5316329747438431,0.29401333292425097,0.991231587715447,1.791231587715447,1.791231587715447,0.9090691832825541,3.2908830199390646,3.2908830199390646
331,0.6825745524838567,2.4605964198708534,288.7994886079896,0.8461827728897333,3.7694621831178665,5881.149008737867,0.6239708326756954,1.9917666614055634,98.12206092280846,0.3828201266005635,1.1828201266005636,1.1828201266005636,0.2074916334822774,2.448989960178733,2.448989960178733
332,0.6152201378718019,1.9217611029744148,83.51434955119788,0.23604090325534344,-1.1116727739572525,0.07732629928817546,0.7578159226104617,3.0625273808836937,1154.8547923103006,0.3430906282737851,1.1430906282737852,1.1430906282737852,0.06388477794826031,2.2766617335379125,2.2766617335379125
333,0.3628081316128373,-0.09753494709730148,0.7988496567153337,0.9463220359757543,4.570576287806034,37202.85656497889,0.0752015570178628,-2.3983875438570976,0.00399588017169823,0.7815845059230924,1.5815845059230924,1.5815845059230924,0.804628923535347,3.1655547082424165,3.1655547082424165
334,0.210397619754076,-1.316819041967392,0.04821486532677195,0.3855881169438362,0.0847049355506897,1.215359991128249,0.7185276169329882,2.7482209354639053,560.0424353412596,0.15707682073116302,0.9570768207311631,0.9570768207311631,0.6183379963040352,2.9420055955648423,2.9420055955648423
335,0.9541540779173374,4.633232623338699,42976.65631516236,0.6742383940145373,2.3939071521162987,247.68924658054962,0.401141919195652,0.20913535356521606,1.6185844120795219,0.7186132818460464,1.5186132818460465,1.5186132818460465,0.2653436567634344,2.5184123881161216,2.5184123881161216
336,0.9801594065502286,4.841275252401829,69386.54330999563,0.4339575096964836,0.4716600775718689,2.9625117229797917,0.8925870088860393,4.140696071088314,13825.984672529159,0.4906402789056301,1.2906402789056302,1.2906402789056302,0.9983821976929903,3.398058637231588,3.398058637231588
337,0.23224385548382998,-1.1420491561293602,0.0721025864407591,0.6297733141109347,2.038186512887478,109.19091690397194,0.20997265819460154,-1.3202187344431877,0.04783890887386797,0.8842122815549374,1.6842122815549374,1.6842122815549374,0.1335916630923748,2.3603099957108498,2.3603099957108498
338,0.3214143142104149,-0.4286854863166809,0.37266148796249354,0.19456654600799084,-1.4434676319360733,0.03601905944791513,0.5681420210748911,1.5451361685991287,35.086186586275616,0.009651162661612034,0.8096511626616121,0.8096511626616121,0.44342609122395515,2.7321113094687464,2.7321113094687464
339,0.5775123909115791,1.620099127292633,41.69645443609947,0.9995132060721517,4.996105648577213,99107.30087863012,0.25075630843639374,-0.9939495325088501,0.10140292148577741,0.6161094987764955,1.4161094987764955,1.4161094987764955,0.6724046859890223,3.0068856231868266,3.0068856231868266
340,0.6253356747329235,2.002685397863388,100.62025135047399,0.10574882570654154,-2.1540093943476677,0.007014401252046765,0.11543493624776602,-2.076520510017872,0.008384544807839917,0.6579272905364633,1.4579272905364633,1.4579272905364633,0.5367182428017259,2.844061891362071,2.844061891362071
341,0.3810129724442959,0.048103779554367065,1.1171301667141105,0.8329676929861307,3.6637415438890457,4610.431182174482,0.8000100525096059,3.400080420076847,2512.351610812039,0.217480287887156,1.017480287887156,1.017480287887156,0.3310654228553176,2.597278507426381,2.597278507426381
342,0.034033820964396,-2.727729432284832,0.0018718479481580263,0.27262216713279486,-0.8190226629376411,0.1516971204766115,0.4081488084048033,0.2651904672384262,1.8415794804212036,0.8420263566076756,1.6420263566076756,1.6420263566076756,0.029174535535275936,2.2350094426423315,2.2350094426423315
343,0.7857913682237267,3.286330945789814,1933.4410975414953,0.5464718900620937,1.3717751204967499,23.5383014516948,0.7235737480223179,2.788589984178543,614.5963605620004,0.28244302049279213,1.0824430204927922,1.0824430204927922,0.8547526905313134,3.2257032286375757,3.2257032286375757
344,0.8287937240675092,3.6303497925400734,4269.2323590234855,0.13798043876886368,-1.8961564898490906,0.012701163601993566,0.4780355002731085,0.8242840021848679,6.672429629035369,0.1318694781512022,0.9318694781512022,0.9318694781512022,0.22950715851038694,2.4754085902124645,2.4754085902124645
345,0.0847814129665494,-2.321748696267605,0.00476706752529687,0.9276988310739398,4.421590648591518,26399.192849084557,0.6684699915349483,2.347759932279587,222.7203663412113,0.7422346603125334,1.5422346603125334,1.5422346603125334,0.9039012687280774,3.2846815224736927,3.2846815224736927
346,0.48645568639039993,0.8916454911231995,7.791938051940327,0.49039302580058575,0.923144206404686,8.378074278222892,0.06081943120807409,-2.5134445503354073,0.003065882098817182,0.3676884723827243,1.1676884723827243,1.1676884723827243,0.7063196720555425,3.047583606466651,3.047583606466651
347,0.7386428937315941,2.9091431498527527,811.2284066120557,0.7017422737553716,2.6139381900429726,411.0912093358852,0.8703849958255887,3.9630799666047096,9185.017045521538,0.7573538674041629,1.557353867404163,1.557353867404163,0.411982792429626,2.6943793509155514,2.6943793509155514
348,0.5579466186463833,1.4635729491710663,29.078563559240944,0.3411733889952302,-0.2706128880381584,0.5362744571887478,0.5133853573352098,1.1070828586816788,12.796254195351365,0.9539379505440593,1.7539379505440593,1.7539379505440593,0.29765886068344116,2.5571906328201295,2.5571906328201295
349,0.3097301535308361,-0.5221587717533112,0.30049775256638617,0.5994896683841944,1.795917347073555,62.505372410803254,0.3210053816437721,-0.431956946849823,0.36986484397488245,0.4216977683827281,1.2216977683827281,1.2216977683827281,0.5686907153576612,2.8824288584291935,2.8824288584291935
350,0.15023955795913935,-1.7980835363268852,0.01591902495949663,0.03735218849033117,-2.7011824920773506,0.0019898370267323272,0.96332439314574,4.70659514516592,50885.62875884889,0.546259006485343,1.346259006485343,1.346259006485343,0.7583461757749319,3.1100154109299183,3.1100154109299183
351,0.9059137562289834,4.247310049831867,17672.990737174136,0.779799323529005,3.2383945882320404,1731.3887378233117,0.15570430550724268,-1.7543655559420586,0.01760493573483807,0.07846861146390438,0.8784686114639044,0.8784686114639044,0.1231088861823082,2.34773066341877,2.34773066341877
352,0.8899119812995195,4.119295850396156,13161.210958308102,0.37104582041502,-0.03163343667984009,0.9297508055708813,0.2968674600124359,-0.6250603199005127,0.23710443643994059,0.3022511564195156,1.1022511564195157,1.1022511564195157,0.5065342057496309,2.807841046899557,2.807841046899557
353,0.13401286490261555,-1.9278970807790756,0.011806003814932454,0.5657329512760043,1.5258636102080345,33.56321927013924,0.6044893357902765,1.8359146863222122,68.53535809980725,0.8227759264409542,1.6227759264409543,1.6227759264409543,0.3595399968326092,2.6314479961991313,2.6314479961991313
354,0.29472035076469183,-0.6422371938824654,0.22790969824708757,0.0005503874272108078,-2.9955969005823135,0.0010101900799153374,0.2424138719215989,-1.0606890246272087,0.08695828688401953,0.19730679038912058,0.9973067903891206,0.9973067903891206,0.06148715689778328,2.27378458827734,2.27378458827734
355,0.5426810821518302,1.3414486572146416,21.95071429970118,0.8048566551879048,3.4388532415032387,2746.9657307963303,0.9347918210551143,4.478334568440914,30083.929927997946,0.6768125975504518,1.4768125975504518,1.4768125975504518,0.8207315597683191,3.184877871721983,3.184877871721983
356,0.7233734233304858,2.7869873866438866,612.3326072911285,0.1678671771660447,-1.6570625826716423,0.02202609039976712,0.6990080066025257,2.5920640528202057,390.8985440216357,0.5960560599341989,1.396056059934199,1.396056059934199,0.966302745975554,3.3595632951706644,3.3595632951706644
357,0.47144981753081083,0.7715985402464867,5.910150500831714,0.8938953820616007,4.1511630564928055,14163.254415844905,0.38944065384566784,0.11552523076534271,1.3047437668113027,0.028656289912760258,0.8286562899127603,0.8286562899127603,0.16786885913461447,2.4014426309615375,2.4014426309615375
358,0.06855102442204952,-2.451591804623604,0.0035351528432744092,0.45363795664161444,0.6291036531329155,4.257000028972856,0.7773954989388585,3.219163991510868,1656.3953075657823,0.9041408933699131,1.7041408933699131,1.7041408933699131,0.47384998109191656,2.7686199773103,2.7686199773103
359,0.8127956446260214,3.502365157008171,3179.546325783805,0.7267852984368801,2.814282387495041,652.0522344610681,0.086963034234941,-2.304295726120472,0.004962542896799327,0.4715100862085819,1.271510086208582,1.271510086208582,0.6441775867715478,2.973013104125857,2.973013104125857
360,0.8010433185845613,3.408346548676491,2560.6283453026945,0.0731450691819191,-2.414839446544647,0.0038473398729351976,0.8325135903432965,3.6601087227463722,4572.026329394324,0.06727598421275616,0.8672759842127562,0.8672759842127562,0.26942796539515257,2.5233135584741833,2.5233135584741833
361,0.04905340261757374,-2.60757277905941,0.002468466404699226,0.8616737527772784,3.8933900222182274,7823.300680329682,0.017086862586438656,-2.8633050993084908,0.0013699190364618004,0.5584999453276396,1.3584999453276396,1.3584999453276396,0.5991184012964368,2.9189420815557243,2.9189420815557243
362,0.3972570737823844,0.17805659025907516,1.506803395734554,0.2983613442629576,-0.6131092458963394,0.24371976691217992,0.628643523901701,2.029148191213608,106.94197274504879,0.4330154610797763,1.2330154610797763,1.2330154610797763,0.7926119389012456,3.1511343266814946,3.1511343266814946
363,0.6413162341341376,2.130529873073101,135.06097267454825,0.5090091647580266,1.0720733180642128,11.80519915479042,0.44407043419778347,0.5525634735822678,3.5691390962607557,0.9418218387290835,1.7418218387290836,1.7418218387290836,0.09104086738079786,2.3092490408569577,2.3092490408569577
364,0.5934968842193484,1.7479750737547874,55.972547524110844,0.4013089323416352,0.21047145873308182,1.6235716479651578,0.17215237114578485,-1.6227810308337212,0.02383520926111414,0.7687917975708842,1.5687917975708843,1.5687917975708843,0.1954745650291443,2.434569478034973,2.434569478034973
365,0.3376544816419482,-0.2987641468644142,0.502615471764665,0.6584955845028162,2.2679646760225296,185.33808698377103,0.9895398719236255,4.916318975389004,82474.36404083611,0.3556928364560008,1.1556928364560008,1.1556928364560008,0.9362253528088331,3.3234704233705994,3.3234704233705994
366,0.2472671326249838,-1.0218629390001297,0.0950904846755359,0.2202895125374198,-1.2376838997006416,0.05785169665274664,0.3511272594332695,-0.190981924533844,0.6441960765905015,0.7311618532985449,1.531161853298545,1.531161853298545,0.7347904201596975,3.081748504191637,3.081748504191637
367,0.9954076614230871,4.963261291384697,91888.5273534257,0.9620953015983105,4.696762412786484,49746.48650197358,0.5337395835667849,1.2699166685342789,18.61729877773026,0.14423047564923763,0.9442304756492377,0.9442304756492377,0.38180258125066757,2.6581630975008013,2.6581630975008013
368,0.9393884157761931,4.515107326209545,32742.15998382789,0.21006521489471197,-1.3194782808423042,0.04792054174719407,0.04129802528768778,-2.6696157976984978,0.0021398542926739646,0.9316689018160105,1.7316689018160105,1.7316689018160105,0.8662971518933773,3.2395565822720527,3.2395565822720527
369,0.19488794263452291,-1.4408964589238167,0.03623293718404467,0.9840365312993526,4.872292250394821,74523.3296096508,0.8586855111643672,3.8694840893149376,7404.30140772869,0.44239806570112705,1.242398065701127,1.242398065701127,0.0015153605490922928,2.2018184326589108,2.2018184326589108
370,0.34705049730837345,-0.2235960215330124,0.5975909040766186,0.4184283846989274,0.3474270775914192,2.225497330048589,0.49761709570884705,0.9809367656707764,9.570547116637789,0.5679204603657126,1.3679204603657127,1.3679204603657127,0.3274536672979593,2.5929444007575513,2.5929444007575513
371,0.598749304190278,1.7899944335222244,61.658709883595144,0.6452805642038584,2.162244513630867,145.29294061383274,0.6802294347435236,2.441835477948189,276.5893654425088,0.05716095771640539,0.8571609577164054,0.8571609577164054,0.556440893560648,2.8677290722727777,2.8677290722727777
372,0.6661000233143568,2.3288001865148544,213.20637514610402,0.25688704662024975,-0.944903627038002,0.11352627104032784,0.9516477705910802,4.6131821647286415,41037.619910121975,0.2322797691449523,1.0322797691449523,1.0322797691449523,0.6687928652390838,3.0025514382869005,3.0025514382869005
373,0.4183717202395201,0.3469737619161606,2.223175572506459,0.5622003944590688,1.4976031556725502,31.44873316686813,0.13622102793306112,-1.910231776535511,0.012296123697541659,0.6434256052598357,1.4434256052598358,1.4434256052598358,0.4631488109007478,2.7557785730808972,2.7557785730808972
374,0.008392843417823315,-2.9328572526574135,0.001167193196302791,0.12151452153921127,-2.02788382768631,0.00937812835156747,0.525121945887804,1.2009755671024323,15.884573813369764,0.26788768358528614,1.0678876835852862,1.0678876835852862,0.14513616356998682,2.3741633962839845,2.3741633962839845
375,0.7645554421469569,3.1164435371756554,1307.505538476112,0.8172087324783206,3.537669859826565,3448.8146910159057,0.3405488710850477,-0.2756090313196182,0.530140482090031,0.8567721862345934,1.6567721862345934,1.6567721862345934,0.9707229873165488,3.3648675847798586,3.3648675847798586
376,0.8700510924682021,3.960408739745617,9128.695897411817,0.4746654173359275,0.7973233386874199,6.27080561704438,0.5798738114535809,1.6389904916286469,43.550233876522,0.6986304000020027,1.4986304000020028,1.4986304000020028,0.09595707524567842,2.3151484902948143,2.3151484902948143
377,0.12164714094251394,-2.0268228724598885,0.009401066560445741,0.7174782864749432,2.7398262917995453,549.3211135984017,0.2703064437955618,-0.8375484496355057,0.14536222113277528,0.17615250498056412,0.9761525049805642,0.9761525049805642,0.7703598393127322,3.1244318071752786,3.1244318071752786
378,0.46130588091909885,0.6904470473527908,4.902832399042098,0.15373838786035776,-1.770092897117138,0.016978804310201403,0.8809170918539166,4.047336734831333,11151.588487077694,0.8016905458644032,1.6016905458644033,1.6016905458644033,0.5879060057923198,2.9054872069507836,2.9054872069507836
379,0.7169157955795527,2.735326364636421,543.6587279585389,0.9119321200996637,4.29545696079731,19744.99194026334,0.19048464205116034,-1.4761228635907173,0.03341005083274571,0.32413786370307207,1.1241378637030721,1.1241378637030721,0.29357790667563677,2.5522934880107644,2.5522934880107644
380,0.5166920851916075,1.1335366815328598,13.599930266416719,0.05282784812152386,-2.577377215027809,0.002646200730378877,0.42772185057401657,0.42177480459213257,2.6410389400872316,0.40304592717438936,1.2030459271743894,1.2030459271743894,0.43119816295802593,2.717437795549631,2.717437795549631
381,0.2728577833622694,-0.8171377331018448,0.15235694890095428,0.7642996432259679,3.114397145807743,1301.359077520769,0.735343711450696,2.882749691605568,763.3956687959967,0.972398822195828,1.772398822195828,1.772398822195828,0.7022386342287064,3.0426863610744475,3.0426863610744475
382,0.17539035063236952,-1.5968771949410439,0.025300133048882126,0.32566703110933304,-0.3946637511253357,0.4030289553606698,0.09592399094253778,-2.2326080724596977,0.005853180641170816,0.09687630832195282,0.8968763083219529,0.8968763083219529,0.8767494037747383,3.252099284529686,3.252099284529686
383,0.9276360599324107,4.421088479459286,26368.6854424708,0.6150196893140674,1.920157514512539,83.20654986912396,0.7883019549772143,3.3064156398177147,2024.9562279637414,0.527553990483284,1.327553990483284,1.327553990483284,0.24152087233960629,2.489825046807528,2.489825046807528
384,0.9255543854087591,4.404435083270073,25376.696361584123,0.24832058791071177,-1.0134352967143059,0.09695377049421566,0.41320674773305655,0.30565398186445236,2.0214080079879073,0.04852436948567629,0.8485243694856763,0.8485243694856763,0.9433657769113779,3.3320389322936537,3.3320389322936537
385,0.17747203074395657,-1.5802237540483475,0.02628913193360979,0.9443199727684259,4.5545597821474075,35855.83016781712,0.7208211096003652,2.7665688768029213,584.2098523321831,0.5768615202978253,1.3768615202978254,1.3768615202978254,0.1724626161158085,2.4069551393389705,2.4069551393389705
386,0.2668866319581866,-0.864906944334507,0.13648755552180042,0.3800236126407981,0.040188901126384735,1.0969552250425203,0.11021034233272076,-2.118317261338234,0.0076152249842769155,0.45139989256858826,1.2513998925685883,1.2513998925685883,0.49831854924559593,2.797982259094715,2.797982259094715
387,0.5226632310077548,1.1813058480620384,15.181191130961123,0.685153853148222,2.4812308251857758,302.85226439463406,0.8025960363447666,3.420768290758133,2634.9251984470566,0.9230930805206299,1.72309308052063,1.72309308052063,0.6336538810282946,2.9603846572339534,2.9603846572339534
388,0.7111723711714149,2.689378969371319,489.0789479949909,0.29523444920778275,-0.638124406337738,0.2300782649595733,0.5655877022072673,1.5247016176581383,33.473537994775526,0.8500272259116173,1.6500272259116173,1.6500272259116173,0.5291108647361398,2.834933037683368,2.834933037683368
389,0.4670493146404624,0.7363945171236992,5.449975088196455,0.5223918063566089,1.179134450852871,15.105477239907326,0.2560125971212983,-0.9518992230296135,0.11171224432322627,0.27481507509946823,1.0748150750994683,1.0748150750994683,0.35481493081897497,2.62577791698277,2.62577791698277
390,0.11982602067291737,-2.041391834616661,0.009090926894965854,0.08320177905261517,-2.3343857675790787,0.004630354399128801,0.8954324368387461,4.163459494709969,14569.998085712588,0.6502916933968663,1.4502916933968664,1.4502916933968664,0.03665792103856802,2.2439895052462817,2.2439895052462817
391,0.871872203424573,3.9749776273965836,9440.122444095108,0.856989991851151,3.855919934809208,7176.619731276293,0.20500747859477997,-1.3599401712417603,0.04365759711557181,0.2254735054448247,1.0254735054448247,1.0254735054448247,0.8311233604326844,3.1973480325192214,3.1973480325192214
392,0.7585645075887442,3.0685160607099533,1170.889902376254,0.4524618024006486,0.6196944192051888,4.165761665936246,0.9654535669833422,4.723628535866737,52921.06017281022,0.3133046990260482,1.1133046990260482,1.1133046990260482,0.20638141315430403,2.447657695785165,2.447657695785165
393,0.01438378356397152,-2.884929731488228,0.00130337764688935,0.7421196345239878,2.936957076191902,864.882433272673,0.1500190868973732,-1.7998473048210144,0.015854505288044815,0.8123412793502212,1.6123412793502212,1.6123412793502212,0.9119186671450734,3.2943024005740877,3.2943024005740877
394,0.4163021994754672,0.33041759580373764,2.140018835350366,0.17596837785094976,-1.5922529771924019,0.0255709594074778,0.5110876215621829,1.0887009724974632,12.265943856156337,0.18686454184353352,0.9868645418435336,0.9868645418435336,0.7295655654743314,3.0754786785691977,3.0754786785691977
395,0.6681695384904742,2.345356307923794,221.491114240518,0.8872570656239986,4.098056524991989,12533.042863961165,0.3265220383182168,-0.3878236934542656,0.4094268372531677,0.6878585387021303,1.4878585387021304,1.4878585387021304,0.40384143125265837,2.68460971750319,2.68460971750319
396,0.5969093581661582,1.7752748653292656,59.60392579073957,0.030533157289028168,-2.7557347416877747,0.0017549520638971384,0.05533259175717831,-2.5573392659425735,0.0027711544643162643,0.5225187037140131,1.3225187037140131,1.3225187037140131,0.25840459018945694,2.5100855082273483,2.5100855082273483
397,0.34889045264571905,-0.2088763788342476,0.6181923424669629,0.7890320671722293,3.3122565373778343,2052.374156486536,0.8727125786244869,3.9817006289958954,9587.395184418603,0.10160712338984013,0.9016071233898402,0.9016071233898402,0.6230490412563086,2.94765884950757,2.94765884950757
398,0.18915571458637714,-1.4867542833089828,0.032602110622220654,0.34780594520270824,-0.21755243837833405,0.6059650295722268,0.48381154146045446,0.8704923316836357,7.421510934977408,0.9770688703283668,1.7770688703283668,1.7770688703283668,0.7977206241339445,3.1572647489607335,3.1572647489607335
399,0.9451206345111132,4.560965076088905,36388.5772975363,0.5904357107356191,1.7234856858849525,52.90365601586884,0.6664316104725003,2.3314528837800026,214.51263803484647,0.39794987346976995,1.19794987346977,1.19794987346977,0.06862656772136688,2.2823518812656403,2.2823518812656403
400,0.9974921969696879,4.9799375757575035,95485.53279925196,0.3307494353502989,-0.35400451719760895,0.4425837689222806,0.15885798446834087,-1.729136124253273,0.018657947887910864,0.685754376463592,1.485754376463592,1.485754376463592,0.6793511398136616,3.0152213677763937,3.0152213677763937
401,0.24518259149044752,-1.0385392680764198,0.09150835154392892,0.6035916032269597,1.8287328258156776,67.4113191542566,0.9762379564344883,4.809903651475906,64551.10060955677,0.18867092113941908,0.9886709211394191,0.9886709211394191,0.43870718218386173,2.7264486186206343,2.7264486186206343
402,0.34363040141761303,-0.25095678865909576,0.5611038018430674,0.040820397436618805,-2.6734368205070496,0.0021211099415727004,0.36468117590993643,-0.08255059272050858,0.8268931748269485,0.8142013009637594,1.6142013009637595,1.6142013009637595,0.14050783403217793,2.3686094008386136,2.3686094008386136
403,0.5875209700316191,1.7001677602529526,50.13808707602676,0.7670317096635699,3.1362536773085594,1368.5279679613466,0.5473012598231435,1.3784100785851479,23.900670166481902,0.3112541791051626,1.1112541791051627,1.1112541791051627,0.9936330132186413,3.3923596158623694,3.3923596158623694
404,0.6470625195652246,2.176500156521797,150.1412946870409,0.1276618679985404,-1.9787050560116768,0.010502554503036382,0.818959916010499,3.551679328083992,3561.880361879849,0.4784381967037916,1.2784381967037917,1.2784381967037917,0.8558703055605292,3.2270443666726347,3.2270443666726347
405,0.39151077903807163,0.13208623230457306,1.3554585217079496,0.9316629581153393,4.453303664922714,28399.04035969442,0.0035254210233688354,-2.9717966318130493,0.0010670956958812258,0.8973966520279646,1.6973966520279646,1.6973966520279646,0.026317180134356022,2.2315806161612275,2.2315806161612275
406,0.050879291258752346,-2.5929656699299812,0.0025529030963331884,0.49399904254823923,0.9519923403859138,8.953489742181855,0.6419381527230144,2.135505221784115,136.61715018944187,0.021851222030818462,0.8218512220308185,0.8218512220308185,0.3322137827053666,2.59865653924644,2.59865653924644
407,0.7992174392566085,3.393739514052868,2475.9365675706035,0.6888692770153284,2.5109542161226273,324.30542685606383,0.45737258438020945,0.6589806750416756,4.56016623963509,0.6029233438894153,1.4029233438894153,1.4029233438894153,0.533891654573381,2.840669985488057,2.840669985488057
408,0.8187837181612849,3.5502697452902794,3550.3383635844625,0.0973896961659193,-2.2208824306726456,0.006013365052887732,0.712081397883594,2.6966511830687523,497.33747267741217,0.9524718532338738,1.7524718532338739,1.7524718532338739,0.4091333271935582,2.69095999263227,2.69095999263227
409,0.06256294529885054,-2.4994964376091957,0.0031659464326597372,0.8388903113082051,3.711122490465641,5141.8865532812615,0.40250627789646387,0.22005022317171097,1.6597788383537744,0.4221815774217248,1.2221815774217248,1.2221815774217248,0.7074298737570643,3.0489158485084773,3.0489158485084773
410,0.47351456992328167,0.7881165593862534,6.139267535709244,0.2742661163210869,-0.8058710694313049,0.15636117688075624,0.764581860974431,3.1166548877954483,1308.1419945438133,0.5477268882095814,1.3477268882095814,1.3477268882095814,0.9010820789262652,3.2812984947115185,3.2812984947115185
411,0.7213086765259504,2.7704694122076035,589.4804579083252,0.531635875813663,1.253087006509304,17.909646197538258,0.07415691763162613,-2.406744658946991,0.003919722673124349,0.07798682525753975,0.8779868252575398,0.8779868252575398,0.23064764309674501,2.476777171716094,2.476777171716094
412,0.5445181671530008,1.3561453372240067,22.706245922820834,0.42546152975410223,0.40369223803281784,2.533332752763306,0.3096813401207328,-0.5225492790341377,0.30022767356854857,0.14896057173609734,0.9489605717360974,0.9489605717360974,0.11839783750474453,2.3420774050056936,2.3420774050056936
413,0.29288325645029545,-0.6569339483976364,0.2203261530373958,0.6358041726052761,2.086433380842209,122.02066312299779,0.6172956870868802,1.9383654966950417,86.76918069190515,0.7261258475482464,1.5261258475482464,1.5261258475482464,0.7652852460741997,3.1183422952890396,3.1183422952890396
414,0.1397403245791793,-1.8820774033665657,0.013119660493080582,0.1961022550240159,-1.4311819598078728,0.0370525447267516,0.2293407227844,-1.1652742177248,0.06834799551723851,0.3505955869331956,1.1505955869331956,1.1505955869331956,0.5639488995075226,2.8767386794090273,2.8767386794090273
415,0.8841845309361815,4.073476247489452,11843.395911156156,0.9848140422254801,4.878512337803841,75598.35366516186,0.921726431697607,4.373811453580856,23648.927701661927,0.7734606498852372,1.5734606498852373,1.5734606498852373,0.3045671861618757,2.565480623394251,2.565480623394251
416,0.8999229408800602,4.199383527040482,15826.450619464847,0.39552233926951885,0.16417871415615082,1.4594146925155969,0.5306090237572789,1.2448721900582314,17.574063449939345,0.6229145703837276,1.4229145703837276,1.4229145703837276,0.8273957259953022,3.1928748711943626,3.1928748711943626
417,0.156230378895998,-1.750156968832016,0.017776367953722713,0.6696772398427129,2.357417918741703,227.72877958793117,0.3382215267047286,-0.2942277863621712,0.5078929840970273,0.0027838824316859245,0.802783882431686,0.802783882431686,0.05650121904909611,2.2678014628589156,2.2678014628589156
418,0.3076605135574937,-0.5387158915400505,0.2892571537295724,0.23279152065515518,-1.1376678347587585,0.07283366516423234,0.9458719678223133,4.5669757425785065,36895.69899841672,0.877284174785018,1.677284174785018,1.677284174785018,0.36623491533100605,2.6394818983972073,2.6394818983972073
419,0.5600162530317903,1.480130024254322,30.208560048758518,0.9598272843286395,4.678618274629116,47710.97312504847,0.13825964741408825,-1.893922820687294,0.012766656673790107,0.4973845239728689,1.297384523972869,1.297384523972869,0.5015790276229382,2.801894833147526,2.801894833147526
420,0.7368028284981847,2.8944226279854774,784.1923981320499,0.06746672000735998,-2.46026623994112,0.003465243519939617,0.495488160289824,0.9639052823185921,9.202488477133356,0.2910176496952772,1.0910176496952773,1.0910176496952773,0.6450739493593574,2.9740887392312287,2.9740887392312287
421,0.4882957609370351,0.9063660874962807,8.060576192481046,0.8727185539901257,3.9817484319210052,9588.450529989264,0.6859148917719722,2.4873191341757774,307.1278037663388,0.8330233376473188,1.6330233376473189,1.6330233376473189,0.4707866320386529,2.7649439584463833,2.7649439584463833
422,0.07904930412769318,-2.3676055669784546,0.004289379116459701,0.3110002065077424,-0.5119983479380608,0.3076108516275834,0.04359599947929382,-2.6512320041656494,0.002232379346353656,0.208538512699306,1.008538512699306,1.008538512699306,0.16873493138700724,2.4024819176644088,2.4024819176644088
423,0.8345258235931396,3.676206588745117,4744.6763022399,0.5066329035907984,1.053063228726387,11.299604130952407,0.8531690929085016,3.825352743268013,6688.869813088664,0.6665631635114551,1.466563163511455,1.466563163511455,0.9632091289386153,3.355850954726338,3.355850954726338
424,0.7837095744907856,3.269676595926285,1860.7010209622458,0.16024082712829113,-1.718073382973671,0.01913932499486799,0.09847854822874069,-2.2121716141700745,0.006135195211975438,0.7624511132016778,1.5624511132016778,1.5624511132016778,0.08797014970332384,2.305564179643989,2.305564179643989
425,0.0361156202852726,-2.711075037717819,0.0019450239899226676,0.9029931398108602,4.223945118486881,16747.312279504236,0.7830459047108889,3.264367237687111,1838.0919696468075,0.363019616343081,1.163019616343081,1.163019616343081,0.7935161469504237,3.1522193763405086,3.1522193763405086
426,0.37504194024950266,0.00033552199602127075,1.0007728664538935,0.4682198092341423,0.7457584738731384,5.56875964885505,0.42487666103988886,0.39901328831911087,2.5061859348467634,0.7375045605003834,1.5375045605003834,1.5375045605003834,0.5960169238969684,2.915220308676362,2.915220308676362
427,0.6313067013397813,2.0504536107182503,112.31909893193226,0.7263529850170016,2.810823880136013,646.8802325795391,0.7403091294690967,2.9224730357527733,836.5136571237645,0.1369054801762104,0.9369054801762104,0.9369054801762104,0.2703014211729169,2.5243617054075003,2.5243617054075003
428,0.5717690857127309,1.574152685701847,37.5104855363266,0.36328166630119085,-0.09374666959047318,0.8058483674273571,0.8758593909442425,4.00687512755394,10159.565334646535,0.08924166485667229,0.8892416648566723,0.8892416648566723,0.37680924497544765,2.652171093970537,2.652171093970537
429,0.3271576287224889,-0.38273897022008896,0.4142485813365254,0.5749360881745815,1.5994887053966522,39.763875503436324,0.19323751889169216,-1.4540998488664627,0.0351479622378431,0.5355481617152691,1.3355481617152691,1.3355481617152691,0.7414624616503716,3.089754953980446,3.089754953980446
430,0.23042261600494385,-1.1566190719604492,0.06972378066682362,0.015026860870420933,-2.8797851130366325,0.0013189091674790578,0.5850986437872052,1.6807891502976418,47.9500594873838,0.4110477501526475,1.2110477501526475,1.2110477501526475,0.9312622845172882,3.3175147414207458,3.3175147414207458
431,0.981980636715889,4.855845093727112,71753.83105594116,0.8045621458441019,3.4364971667528152,2732.103620142606,0.26772069837898016,-0.8582344129681587,0.13860075213314674,0.9647718304768205,1.7647718304768205,1.7647718304768205,0.2021768968552351,2.4426122762262823,2.4426122762262823
432,0.9601420322433114,4.681136257946491,47988.398646931266,0.056564160622656345,-2.5474867150187492,0.002834740346303043,0.7762602753937244,3.2100822031497955,1622.1171022183378,0.2366768615320325,1.0366768615320325,1.0366768615320325,0.561426842585206,2.873712211102247,2.873712211102247
433,0.20440965984016657,-1.3647227212786674,0.0431794671538381,0.7513118479400873,3.0104947835206985,1024.45947505677,0.09363841824233532,-2.2508926540613174,0.0056118666917251495,0.6380614833906293,1.4380614833906293,1.4380614833906293,0.32078948989510536,2.5849473878741267,2.5849473878741267
434,0.3648730032145977,-0.08101597428321838,0.82982024438335,0.31497521605342627,-0.4801982715725899,0.33097998232129555,0.7003427864983678,2.6027422919869423,400.62891603210556,0.2634923756122589,1.063492375612259,1.063492375612259,0.006470557302236557,2.207764668762684,2.207764668762684
435,0.6131552718579769,1.9052421748638153,80.39743159870949,0.6193420402705669,1.9547363221645355,90.10239232513302,0.38296482618898153,0.06371860951185226,1.1580267978862477,0.8621383309364319,1.662138330936432,1.662138330936432,0.8596022147685289,3.231522657722235,3.231522657722235
436,0.6844117566943169,2.475294053554535,298.7404656193143,0.4785071089863777,0.8280568718910217,6.730647899419176,0.24886032938957214,-1.0091173648834229,0.09792253212213775,0.91164680570364,1.71164680570364,1.71164680570364,0.9737863102927804,3.3685435723513364,3.3685435723513364
437,0.43228844553232193,0.45830756425857544,2.87281436845565,0.704352687112987,2.6348214969038963,431.3417509192986,0.9334277007728815,4.467421606183052,29337.39891363241,0.4633871838450432,1.2633871838450432,1.2633871838450432,0.14423982705920935,2.3730877924710514,2.3730877924710514
438,0.02963379491120577,-2.762929640710354,0.00172611751461942,0.14318437688052654,-1.8545249849557877,0.013978964920427677,0.2901017600670457,-0.6791859194636345,0.20932161678339742,0.5879407646134496,1.3879407646134496,1.3879407646134496,0.46624242421239614,2.7594909090548754,2.7594909090548754
439,0.7735898392274976,3.1887187138199806,1544.253924897079,0.9161490919068456,4.329192735254765,21339.91745789312,0.6055342135950923,1.8442737087607384,69.8672595168112,0.0361698092892766,0.8361698092892766,0.8361698092892766,0.6679267967119813,3.0015121560543774,3.0015121560543774
440,0.855647505261004,3.8451800420880318,7001.321842057717,0.2587816948071122,-0.9297464415431023,0.1175583707319689,0.345106334425509,-0.2391493245959282,0.5765681863751274,0.37815008219331503,1.178150082193315,1.178150082193315,0.29267368000000715,2.5512084160000086,2.5512084160000086
441,0.103826061822474,-2.169391505420208,0.0067703090630345545,0.5471267942339182,1.3770143538713455,23.823982087249412,0.5355330808088183,1.2842646464705467,19.242639624009847,0.9963276451453567,1.7963276451453567,1.7963276451453567,0.5909767420962453,2.9091720905154945,2.9091720905154945
442,0.4517855904996395,0.6142847239971161,4.114193597460136,0.1129044583067298,-2.0967643335461617,0.008002683964987092,0.17837094515562057,-1.5730324387550354,0.026728067612684793,0.12177418358623981,0.9217741835862399,0.9217741835862399,0.769486372359097,3.1233836468309164,3.1233836468309164
443,0.6961645595729351,2.569316476583481,370.95094055588754,0.8233686946332455,3.5869495570659637,3863.2210346494994,0.9879440236836672,4.9035521894693375,80085.18616484752,0.5036269593983889,1.303626959398389,1.303626959398389,0.09905856382101774,2.3188702765852214,2.3188702765852214
444,0.5076591148972511,1.061272919178009,11.515238017796744,0.211823008954525,-1.3054159283638,0.04949759201227281,0.6302081542089581,2.041665233671665,110.06905394154973,0.7079012487083673,1.5079012487083674,1.5079012487083674,0.23484883457422256,2.481818601489067,2.481818601489067
445,0.25161921232938766,-0.9870463013648987,0.10302762739142719,0.9690711749717593,4.7525693997740746,56567.81446039626,0.437820672057569,0.5025653764605522,3.1810125055725913,0.16784868575632572,0.9678486857563258,0.9678486857563258,0.8817427363246679,3.2580912835896014,3.2580912835896014
446,0.16147600580006838,-1.708191953599453,0.019579790760413225,0.40971007756888866,0.2776806205511093,1.895311599544803,0.8306278102099895,3.6450224816799164,4415.933062723705,0.7924176743254066,1.5924176743254066,1.5924176743254066,0.6955363284796476,3.034643594175577,3.034643594175577
447,0.909325753338635,4.27460602670908,18819.410988074174,0.6515773804858327,2.2126190438866615,163.16200891640955,0.023015474900603294,-2.8158762007951736,0.0015280015655439658,0.3324398985132575,1.1324398985132575,1.1324398985132575,0.43616120517253876,2.7233934462070466,2.7233934462070466
448,0.9149679755792022,4.319743804633617,20880.639942263406,0.3020679410547018,-0.5834564715623856,0.26094172464011584,0.8657002029940486,3.9256016239523888,8425.615259146123,0.9873808268457651,1.7873808268457652,1.7873808268457652,0.04691946879029274,2.2563033625483513,2.2563033625483513
449,0.1704821651801467,-1.6361426785588264,0.02311305333392575,0.5136007713153958,1.1088061705231667,12.847131531046923,0.05027525965124369,-2.5977979227900505,0.0025246552212257883,0.3868079725652933,1.1868079725652934,1.1868079725652934,0.8189089242368937,3.182690709084272,3.182690709084272
450,0.26014471985399723,-0.9188422411680222,0.12054737529682695,0.07636409997940063,-2.389087200164795,0.004082374098283645,0.6579563114792109,2.263650491833687,183.50609427387025,0.5123002072796226,1.3123002072796226,1.3123002072796226,0.508106978610158,2.8097283743321895,2.8097283743321895
451,0.5118288639932871,1.0946309119462967,12.434574020539632,0.865777793340385,3.9262223467230797,8437.666323022004,0.4733811914920807,0.7870495319366455,6.124202351876306,0.11290351953357458,0.9129035195335746,0.9129035195335746,0.37386545166373253,2.6486385419964793,2.6486385419964793
452,0.6905071120709181,2.5240568965673447,334.2388255149664,0.22390551026910543,-1.2087559178471565,0.061836383529385634,0.14287129696458578,-1.8570296242833138,0.013898578223960234,0.16094260569661856,0.9609426056966186,0.9609426056966186,0.4802445312961936,2.7762934375554322,2.7762934375554322
453,0.4427946638315916,0.5423573106527328,3.486240233722741,0.9667794145643711,4.734235316514969,54229.46457348707,0.9602570058777928,4.682056047022343,48090.14062327961,0.7146404599770904,1.5146404599770904,1.5146404599770904,0.6536812642589211,2.9844175171107055,2.9844175171107055
454,0.09531578700989485,-2.237473703920841,0.005787970328464737,0.40443545673042536,0.23548365384340286,1.7198226086203685,0.3179075103253126,-0.4567399173974991,0.3493494650787862,0.33913317508995533,1.1391331750899554,1.1391331750899554,0.9565568352118134,3.347868202254176,3.347868202254176
455,0.8514625309035182,3.8117002472281456,6481.868964633376,0.6626902241259813,2.3015217930078506,200.22660932913274,0.50052185729146,1.0041748583316803,10.096593195337318,0.7854048628360033,1.5854048628360033,1.5854048628360033,0.161224446259439,2.393469335511327,2.393469335511327
456,0.7694586580619216,3.1556692644953728,1431.0976365828046,0.004168173298239708,-2.9666546136140823,0.001079805129937138,0.26365057192742825,-0.890795424580574,0.12858922398139902,0.6273855045437813,1.4273855045437813,1.4273855045437813,0.7864976497367024,3.143797179684043,3.143797179684043
457,0.021069607697427273,-2.831443138420582,0.001474201543520018,0.8095425562933087,3.47634045034647,2994.6112400616494,0.5712706558406353,1.5701652467250824,37.167662316072146,0.24751970916986465,1.0475197091698647,1.0475197091698647,0.081802430562675,2.29816291667521,2.29816291667521
458,0.4232283476740122,0.3858267813920975,2.4312341165174156,0.3741741329431534,-0.006606936454772949,0.9849021002181285,0.21313184406608343,-1.2949452474713326,0.050705462981721065,0.8730268748477101,1.6730268748477102,1.6730268748477102,0.278416539542377,2.5340998474508525,2.5340998474508525
459,0.6788233611732721,2.430586889386177,269.5174502528908,0.5699293790385127,1.5594350323081017,36.26060386306371,0.9055118160322309,4.244094528257847,17542.622918933033,0.2529233666136861,1.0529233666136861,1.0529233666136861,0.6049904571846128,2.925988548621535,2.925988548621535
460,0.6172711681574583,1.9381693452596664,86.7299997742048,0.45734634157270193,0.6587707325816154,4.5579623406819785,0.7283198405057192,2.8265587240457535,670.7469770400513,0.4586660610511899,1.25866606105119,1.25866606105119,0.748600771650672,3.0983209259808064,3.0983209259808064
461,0.3734524827450514,-0.012380138039588928,0.9718961504803931,0.7313786931335926,2.851029545068741,709.6260422057056,0.4187542721629143,0.3500341773033142,2.2388973242333967,0.9166568564251065,1.7166568564251066,1.7166568564251066,0.38285285979509354,2.6594234317541123,2.6594234317541123
462,0.2134850500151515,-1.292119599878788,0.05103644319223578,0.1710879961028695,-1.631296031177044,0.02337243543940553,0.8105849726125598,3.4846797809004784,3052.6694531734156,0.041164740920066833,0.8411647409200669,0.8411647409200669,0.19418205320835114,2.4330184638500216,2.4330184638500216
463,0.9657151428982615,4.725721143186092,53176.67067194095,0.8980012107640505,4.184009686112404,15276.001280735472,0.12015047762542963,-2.038796178996563,0.009145423493983514,0.5831432491540909,1.383143249154091,1.383143249154091,0.9221651386469603,3.306598166376352,3.306598166376352
464,0.9748812038451433,4.7990496307611465,62957.81263369663,0.15012154076248407,-1.7990276739001274,0.015884455272254377,0.6130909416824579,1.9047275334596634,80.30221661628121,0.37166523560881615,1.1716652356088162,1.1716652356088162,0.31413970328867435,2.5769676439464093,2.5769676439464093
465,0.21896742470562458,-1.2482606023550034,0.056459808092921365,0.907247157767415,4.25797726213932,18112.452608355477,0.3035253584384918,-0.5717971324920654,0.2680420109466033,0.7534841559827328,1.5534841559827328,1.5534841559827328,0.553918618708849,2.864702342450619,2.864702342450619
466,0.31717491056770086,-0.4626007154583931,0.344666667066134,0.4715361362323165,0.772289089858532,5.919555406309533,0.9101993618533015,4.281594894826412,19124.71160428836,0.1280454182997346,0.9280454182997346,0.9280454182997346,0.8690616600215435,3.242873992025852,3.242873992025852
467,0.565150304697454,1.5212024375796318,33.20491994962821,0.7132808901369572,2.7062471210956573,508.44867638219216,0.21976488176733255,-1.2418809458613396,0.057295307439495805,0.7461958015337586,1.5461958015337587,1.5461958015337587,0.015079187229275703,2.218095024675131,2.218095024675131
468,0.6384213669225574,2.107370935380459,128.0474503668269,0.32195767760276794,-0.42433857917785645,0.37641023237498344,0.3984102588146925,0.18728207051753998,1.5391539829629706,0.5422672191634774,1.3422672191634775,1.3422672191634775,0.15076932404190302,2.380923188850284,2.380923188850284
469,0.3864819062873721,0.0918552502989769,1.2355355626559505,0.6104253260418773,1.8834026083350182,76.4544218187567,0.7060303278267384,2.648242622613907,444.8797342211731,0.0823232987895608,0.8823232987895608,0.8823232987895608,0.9814181616529822,3.3777017939835785,3.3777017939835785
470,0.0460831131786108,-2.6313350945711136,0.0023370333258433394,0.04960796795785427,-2.603136256337166,0.002493812191039686,0.0627347594127059,-2.498121924698353,0.003175982313874644,0.95777702704072,1.75777702704072,1.75777702704072,0.6583475535735488,2.9900170642882586,2.9900170642882586
471,0.7903435882180929,3.3227487057447433,2102.561490122177,0.7601947532966733,3.0815580263733864,1206.5852900874183,0.7551147462800145,3.040917970240116,1098.798278260295,0.41775164380669594,1.217751643806696,1.217751643806696,0.45775788370519876,2.7493094604462387,2.7493094604462387
472,0.8410907853394747,3.7287262827157974,5354.59074131484,0.41472081933170557,0.31776655465364456,2.0785790927676517,0.008111654780805111,-2.935106761753559,0.0011611631323157777,0.013639016076922417,0.8136390160769225,0.8136390160769225,0.5829844055697322,2.8995812866836785,2.8995812866836785
473,0.08908596821129322,-2.2873122543096542,0.005160452034212815,0.6406879890710115,2.1255039125680923,133.50696171783633,0.825497348792851,3.6039787903428078,4017.711890539858,0.6122587453573942,1.4122587453573943,1.4122587453573943,0.28357879538089037,2.5402945544570685,2.5402945544570685
474,0.4997896393761039,0.998317115008831,9.961325121758517,0.20684712287038565,-1.3452230170369148,0.045162396881787456,0.46830455027520657,0.7464364022016525,5.5774592021482805,0.4868048978969455,1.2868048978969455,1.2868048978969455,0.10619841981679201,2.3274381037801506,2.3274381037801506
475,0.743863700889051,2.9509096071124077,893.1195728761695,0.9799334295094013,4.839467436075211,69098.31167138221,0.6509189121425152,2.2073512971401215,161.194899990488,0.8881547106429935,1.6881547106429935,1.6881547106429935,0.7755313022062182,3.130637562647462,3.130637562647462
476,0.5534665836021304,1.4277326688170433,26.775196627350113,0.11789946258068085,-2.0568042993545532,0.008773961020172461,0.9809290869161487,4.847432695329189,70377.31524292278,0.8380535272881389,1.638053527288139,1.638053527288139,0.8898594006896019,3.2678312808275223,3.2678312808275223
477,0.29760856460779905,-0.6191314831376076,0.240363498667276,0.8125255582854152,3.5002044662833214,3163.7668142237617,0.16550412867218256,-1.6759669706225395,0.02108788523427485,0.28630879800766706,1.086308798007667,1.086308798007667,0.2438236828893423,2.4925884194672108,2.4925884194672108
478,0.14472121559083462,-1.842230275273323,0.014380358885887626,0.253759553655982,-0.9699235707521439,0.10717078929921697,0.5583419371396303,1.4667354971170425,29.29108756337576,0.6617476548999548,1.4617476548999548,1.4617476548999548,0.42914521507918835,2.714974258095026,2.714974258095026
479,0.8928773608058691,4.143018886446953,13900.130783029237,0.558004786260426,1.4640382900834084,29.109737561754194,0.37376683205366135,-0.009865343570709229,0.977540268042046,0.21352284215390682,1.0135228421539069,1.0135228421539069,0.68937087059021,3.027245044708252,3.027245044708252
480,0.8776120590046048,4.0208964720368385,10492.922665054062,0.0918779680505395,-2.264976255595684,0.005432800337075908,0.20136378053575754,-1.3890897557139397,0.040823500761572415,0.4370078407227993,1.2370078407227993,1.2370078407227993,0.18094954825937748,2.417139457911253,2.417139457911253
481,0.12971117068082094,-1.9623106345534325,0.010906599492378483,0.8502552825957537,3.8020422607660294,6339.313954920881,0.8859368590638041,4.087494872510433,12231.926773635241,0.9379670284688473,1.7379670284688473,1.7379670284688473,0.9529473967850208,3.343536876142025,3.343536876142025
482,0.28138162940740585,-0.7489469647407532,0.17825964416208742,0.2865845328196883,-0.7073237374424934,0.19618972686319294,0.2753567546606064,-0.7971459627151489,0.15953428758285584,0.0634360695257783,0.8634360695257783,0.8634360695257783,0.6260234825313091,2.951228179037571,2.951228179037571
483,0.5374650433659554,1.2997203469276428,19.93977929259864,0.5290927030146122,1.2327416241168976,17.089982740430422,0.5907835010439157,1.726268008351326,53.24367310187885,0.5624464238062501,1.3624464238062501,1.3624464238062501,0.4917904604226351,2.790148552507162,2.790148552507162
484,0.727865856140852,2.822926849126816,665.161109615745,0.388685017824173,0.10948014259338379,1.286708419041494,0.7910329373553395,3.328263498842716,2129.4306403932746,0.7271849671378732,1.5271849671378732,1.5271849671378732,0.34620770905166864,2.6154492508620026,2.6154492508620026
485,0.4835590086877346,0.8684720695018768,7.3870675349967145,0.6784644452854991,2.4277155622839928,267.74141993260804,0.10842060204595327,-2.132635183632374,0.0073682578653747,0.1481007793918252,0.9481007793918252,0.9481007793918252,0.5196528723463416,2.82358344681561,2.82358344681561
486,0.07407985720783472,-2.4073611423373222,0.003914162552614275,0.2396253701299429,-1.0829970389604568,0.0826043581560713,0.7478097714483738,2.9824781715869904,960.4575428693521,0.7726162113249302,1.5726162113249302,1.5726162113249302,0.8386339610442519,3.206360753253102,3.206360753253102
487,0.8258215496316552,3.6065723970532417,4041.777454799206,0.9510356532409787,4.60828522592783,40577.49434783435,0.4304222892969847,0.4433783143758774,2.7757369992126564,0.3517308570444584,1.1517308570444584,1.1517308570444584,0.04331009928137064,2.251972119137645,2.251972119137645
488,0.8063243823125958,3.4505950585007668,2822.2472497783383,0.35840092692524195,-0.13279258459806442,0.7365587878050889,0.6774376891553402,2.4195015132427216,262.7250680766714,0.20127998106181622,1.0012799810618163,1.0012799810618163,0.9180864868685603,3.3017037842422723,3.3017037842422723
489,0.062326972372829914,-2.5013842210173607,0.0031522146201194983,0.5856808293610811,1.685446634888649,48.46705537575192,0.48505972884595394,0.8804778307676315,7.594126562868787,0.6729459892958403,1.4729459892958403,1.4729459892958403,0.21339980978518724,2.4560797717422247,2.4560797717422247
490,0.40150124579668045,0.2120099663734436,1.6293334228431668,0.019911042414605618,-2.840711660683155,0.0014430731270423868,0.8461586283519864,3.7692690268158913,5878.5338974254255,0.2984306765720248,1.0984306765720249,1.0984306765720249,0.39486800599843264,2.6738416071981193,2.6738416071981193
491,0.6536735519766808,2.229388415813446,169.5853827021252,0.7938218005001545,3.350574404001236,2241.6840616611325,0.038536771200597286,-2.6917058303952217,0.002033734095400627,0.8267339719459414,1.6267339719459415,1.6267339719459415,0.7214503390714526,3.0657404068857432,3.0657404068857432
492,0.5803987942636013,1.6431903541088104,43.973431162645866,0.18660961091518402,-1.5071231126785278,0.031108343608082668,0.32960889488458633,-0.3631288409233093,0.43338228900874004,0.9001522092148662,1.7001522092148662,1.7001522092148662,0.6170055493712425,2.940406659245491,2.940406659245491
493,0.3321979455649853,-0.3424164354801178,0.45455199115226924,0.8824864504858851,4.059891603887081,11478.670881316391,0.5200413484126329,1.1603307873010635,14.465411323234605,0.4753612009808421,1.2753612009808422,1.2753612009808422,0.2512661572545767,2.5015193887054923,2.5015193887054923
494,0.23520734999328852,-1.1183412000536919,0.07614805237567027,0.4418554212898016,0.5348433703184128,3.4264418854702283,0.13110993895679712,-1.951120488345623,0.011191273556666135,0.5998920407146215,1.3998920407146216,1.3998920407146216,0.07772385887801647,2.29326863065362,2.29326863065362
495,0.9908659318462014,4.926927454769611,84513.76602504388,0.7468631165102124,2.9749049320816994,943.8542421160262,0.9406773103401065,4.525418482720852,33528.836475959026,0.024713745340704918,0.824713745340705,0.824713745340705,0.8057153224945068,3.1668583869934084,3.1668583869934084
496,0.9492440670728683,4.593952536582947,39260.202614615366,0.48729503713548183,0.8983602970838547,7.913348587798197,0.44875453412532806,0.5900362730026245,3.8907764005349033,0.7978239301592112,1.5978239301592112,1.5978239301592112,0.44621527567505836,2.73545833081007,2.73545833081007
497,0.19772765040397644,-1.4181787967681885,0.03817870587440434,0.6975151346996427,2.5801210775971413,380.2954046577671,0.6391870025545359,2.113496020436287,129.866166376889,0.3281110469251871,1.1281110469251872,1.1281110469251872,0.686001056805253,3.0232012681663036,3.0232012681663036
498,0.3579430403187871,-0.13645567744970322,0.730372348274258,0.13439297676086426,-1.924856185913086,0.01188895858194533,0.027599790133535862,-2.779201678931713,0.0016626403693077493,0.7025884529575706,1.5025884529575706,1.5025884529575706,0.9850242454558611,3.3820290945470335,3.3820290945470335
499,0.6025052638724446,1.820042110979557,66.07575146682952,0.9229822186753154,4.383857749402523,24202.361827993962,0.837167146615684,3.6973371729254723,4981.236628412291,0.17233203258365393,0.972332032583654,0.972332032583654,0.1310485266149044,2.3572582319378856,2.3572582319378856
500,0.6640613907948136,2.312491126358509,205.34830686163798,0.034100658260285854,-2.727194733917713,0.0018741539650851161,0.5465718545019627,1.3725748360157013,23.581685118118187,0.1007274305447936,0.9007274305447937,0.9007274305447937,0.018685235641896725,2.2224222827702764,2.2224222827702764
501,0.4077149713411927,0.2617197707295418,1.8269210117787082,0.7757238186895847,3.205790549516678,1606.166448155834,0.3541939090937376,-0.16644872725009918,0.68163404360284,0.5235653137788177,1.3235653137788177,1.3235653137788177,0.849340901710093,3.2192090820521115,3.2192090820521115
502,0.005315903574228287,-2.9574727714061737,0.0011028773778521959,0.3374342927709222,-0.30052565783262253,0.5005809776599617,0.9926370652392507,4.941096521914005,87316.54077670108,0.3991033751517534,1.1991033751517535,1.1991033751517535,0.5423760795965791,2.850851295515895,2.850851295515895
503,0.7529838867485523,3.0238710939884186,1056.5038742953145,0.5949265975505114,1.7594127804040909,57.466239749545636,0.18501519318670034,-1.5198784545063972,0.030207970290742278,0.97623479552567,1.77623479552567,1.77623479552567,0.34179314132779837,2.610151769593358,2.610151769593358
504,0.8662377297878265,3.9299018383026123,8509.456809042593,0.19131704233586788,-1.469463661313057,0.03392628754689093,0.9218987273052335,4.375189818441868,23724.103958913274,0.5640656426548958,1.3640656426548958,1.3640656426548958,0.7165246577933431,3.0598295893520118,3.0598295893520118
505,0.11081211268901825,-2.113503098487854,0.0077001095066955025,0.9954397277906537,4.96351782232523,91942.82049915734,0.23928640689700842,-1.0857087448239326,0.08209018892683063,0.06115332990884781,0.8611533299088479,0.8611533299088479,0.4171257643029094,2.700550917163491,2.700550917163491
506,0.45853131730109453,0.6682505384087563,4.658547611123748,0.43022044003009796,0.4417635202407837,2.765435414941961,0.6013313792645931,1.810651034116745,64.66228302158432,0.9356153877452016,1.7356153877452016,1.7356153877452016,0.22460260521620512,2.469523126259446,2.469523126259446
507,0.7069951118901372,2.6559608951210976,452.8568017946836,0.6252122698351741,2.0016981586813927,100.39178094945252,0.2839438822120428,-0.7284489423036575,0.18687493632824204,0.4385581584647298,1.2385581584647298,1.2385581584647298,0.8939423309639096,3.2727307971566915,3.2727307971566915
508,0.528312929905951,1.2265034392476082,16.846257675426813,0.2695262050256133,-0.8437903597950935,0.1432879403897563,0.082218156196177,-2.342254750430584,0.004547212494474747,0.2717579947784543,1.0717579947784543,1.0717579947784543,0.7563102748245001,3.1075723297894,3.1075723297894
509,0.27588530723005533,-0.7929175421595573,0.16109514713682904,0.5422467775642872,1.3379742205142975,21.775805085147134,0.7667912496253848,3.1343299970030785,1362.4795641328803,0.8527953075245023,1.6527953075245023,1.6527953075245023,0.11028129607439041,2.3323375552892687,2.3323375552892687
510,0.18597479537129402,-1.5122016370296478,0.030746689562604318,0.10216339025646448,-2.182692877948284,0.006566094397137007,0.37886688858270645,0.03093510866165161,1.0738289511637655,0.22831778228282928,1.0283177822828293,1.0283177822828293,0.31073249876499176,2.5728789985179903,2.5728789985179903
511,0.9297468699514866,4.437974959611893,27414.161038310307,0.8282531071454287,3.6260248571634293,4226.928067062944,0.6942936200648546,2.554348960518837,358.3842872622368,0.6472500115633011,1.4472500115633011,1.4472500115633011,0.5709650348871946,2.8851580418646336,2.8851580418646336
